<?xml version= "1.0" encoding="UTF-8"?>
<arquivoposicao_4_01>
<fundo>
   <header>
      <isin>BR**********</isin>
      <cnpj>14298834000130</cnpj>
      <nome>GRAU HEDGE FUNDO DE INVESTIMENTO MULTIMERCADO</nome>
      <dtposicao>20171204</dtposicao>
      <nomeadm>PLANNER CORRETORA DE VALORES SA</nomeadm>
      <cnpjadm>00806535000154</cnpjadm>
      <nomegestor>GRAU GESTAO DE ATIVOS LTDA</nomegestor>
      <cnpjgestor>07252227000173</cnpjgestor>
      <nomecustodiante>PLANNER CV SA</nomecustodiante>
      <cnpjcustodiante>00806535000154</cnpjcustodiante>
      <valorcota>1.22727870</valorcota>
      <quantidade>428270.553967000</quantidade>
      <patliq>525607.33</patliq>
      <valorativos>510681.50</valorativos>
      <valorreceber>16073.18</valorreceber>
      <valorpagar>1147.35</valorpagar>
      <vlcotasemitir>0.00</vlcotasemitir>
      <vlcotasresgatar>0.00</vlcotasresgatar>
      <codanbid>301698</codanbid>
      <tipofundo>331</tipofundo>
      <nivelrsc></nivelrsc>
   </header>
   <titpublico>
      <isin>BRSTNCLF1R17</isin>
      <codativo>210100</codativo>
      <cusip></cusip>
      <dtemissao>20130719</dtemissao>
      <dtoperacao>20170306</dtoperacao>
      <dtvencimento>20190301</dtvencimento>
      <qtdisponivel>1.000000000</qtdisponivel>
      <qtgarantia>0.000000000</qtgarantia>
      <depgar>0</depgar>
      <pucompra>8620.90000000</pucompra>
      <puvencimento>0.00000000</puvencimento>
      <puposicao>9238.65000000</puposicao>
      <puemissao>1000.00000000</puemissao>
      <principal>8620.90</principal>
      <tributos>0.00</tributos>
      <valorfindisp>9238.65</valorfindisp>
      <valorfinemgar>0.00</valorfinemgar>
      <coupom>0.00</coupom>
      <indexador>DI1</indexador>
      <percindex>100.00</percindex>
      <caracteristica>N</caracteristica>
      <percprovcred>0.00</percprovcred>
      <classeoperacao>C</classeoperacao>
      <idinternoativo>LFT01032019</idinternoativo>
      <nivelrsc></nivelrsc>
   </titpublico>
   <titpublico>
      <isin>BRSTNCLF1R17</isin>
      <codativo>210100</codativo>
      <cusip></cusip>
      <dtemissao>20130719</dtemissao>
      <dtoperacao>20170911</dtoperacao>
      <dtvencimento>20190301</dtvencimento>
      <qtdisponivel>8.000000000</qtdisponivel>
      <qtgarantia>0.000000000</qtgarantia>
      <depgar>0</depgar>
      <pucompra>9082.56250000</pucompra>
      <puvencimento>0.00000000</puvencimento>
      <puposicao>9238.64750000</puposicao>
      <puemissao>1000.00000000</puemissao>
      <principal>72660.50</principal>
      <tributos>0.00</tributos>
      <valorfindisp>73909.18</valorfindisp>
      <valorfinemgar>0.00</valorfinemgar>
      <coupom>0.00</coupom>
      <indexador>DI1</indexador>
      <percindex>100.00</percindex>
      <caracteristica>N</caracteristica>
      <percprovcred>0.00</percprovcred>
      <classeoperacao>C</classeoperacao>
      <idinternoativo>LFT01032019</idinternoativo>
      <nivelrsc></nivelrsc>
   </titpublico>
   <titpublico>
      <isin>BRSTNCLF1R41</isin>
      <codativo>210100</codativo>
      <cusip></cusip>
      <dtemissao>20150109</dtemissao>
      <dtoperacao>20170306</dtoperacao>
      <dtvencimento>20210301</dtvencimento>
      <qtdisponivel>1.000000000</qtdisponivel>
      <qtgarantia>0.000000000</qtgarantia>
      <depgar>0</depgar>
      <pucompra>8606.81000000</pucompra>
      <puvencimento>0.00000000</puvencimento>
      <puposicao>9237.82000000</puposicao>
      <puemissao>1000.00000000</puemissao>
      <principal>8606.81</principal>
      <tributos>0.00</tributos>
      <valorfindisp>9237.82</valorfindisp>
      <valorfinemgar>0.00</valorfinemgar>
      <coupom>0.00</coupom>
      <indexador>DI1</indexador>
      <percindex>100.00</percindex>
      <caracteristica>N</caracteristica>
      <percprovcred>0.00</percprovcred>
      <classeoperacao>C</classeoperacao>
      <idinternoativo>LFT01032021</idinternoativo>
      <nivelrsc></nivelrsc>
   </titpublico>
   <titpublico>
      <isin>BRSTNCLF1R66</isin>
      <codativo>210100</codativo>
      <cusip></cusip>
      <dtemissao>20160108</dtemissao>
      <dtoperacao>20171106</dtoperacao>
      <dtvencimento>20220301</dtvencimento>
      <qtdisponivel>4.000000000</qtdisponivel>
      <qtgarantia>0.000000000</qtgarantia>
      <depgar>0</depgar>
      <pucompra>9187.88250000</pucompra>
      <puvencimento>0.00000000</puvencimento>
      <puposicao>9237.40000000</puposicao>
      <puemissao>1000.00000000</puemissao>
      <principal>36751.53</principal>
      <tributos>0.00</tributos>
      <valorfindisp>36949.60</valorfindisp>
      <valorfinemgar>0.00</valorfinemgar>
      <coupom>0.00</coupom>
      <indexador>DI1</indexador>
      <percindex>100.00</percindex>
      <caracteristica>N</caracteristica>
      <percprovcred>0.00</percprovcred>
      <classeoperacao>C</classeoperacao>
      <idinternoativo>LFT01032022</idinternoativo>
      <nivelrsc></nivelrsc>
   </titpublico>
   <titpublico>
      <isin>BRSTNCLF1R66</isin>
      <codativo>210100</codativo>
      <cusip></cusip>
      <dtemissao>20160108</dtemissao>
      <dtoperacao>20171124</dtoperacao>
      <dtvencimento>20220301</dtvencimento>
      <qtdisponivel>1.000000000</qtdisponivel>
      <qtgarantia>0.000000000</qtgarantia>
      <depgar>0</depgar>
      <pucompra>9222.45000000</pucompra>
      <puvencimento>0.00000000</puvencimento>
      <puposicao>9237.40000000</puposicao>
      <puemissao>1000.00000000</puemissao>
      <principal>9222.45</principal>
      <tributos>0.00</tributos>
      <valorfindisp>9237.40</valorfindisp>
      <valorfinemgar>0.00</valorfinemgar>
      <coupom>0.00</coupom>
      <indexador>DI1</indexador>
      <percindex>100.00</percindex>
      <caracteristica>N</caracteristica>
      <percprovcred>0.00</percprovcred>
      <classeoperacao>C</classeoperacao>
      <idinternoativo>LFT01032022</idinternoativo>
      <nivelrsc></nivelrsc>
   </titpublico>
   <titpublico>
      <isin>BRSTNCLF1R66</isin>
      <codativo>210100</codativo>
      <cusip></cusip>
      <dtemissao>20160108</dtemissao>
      <dtoperacao>20171127</dtoperacao>
      <dtvencimento>20220301</dtvencimento>
      <qtdisponivel>2.000000000</qtdisponivel>
      <qtgarantia>0.000000000</qtgarantia>
      <depgar>0</depgar>
      <pucompra>9223.10000000</pucompra>
      <puvencimento>0.00000000</puvencimento>
      <puposicao>9237.40000000</puposicao>
      <puemissao>1000.00000000</puemissao>
      <principal>18446.20</principal>
      <tributos>0.00</tributos>
      <valorfindisp>18474.80</valorfindisp>
      <valorfinemgar>0.00</valorfinemgar>
      <coupom>0.00</coupom>
      <indexador>DI1</indexador>
      <percindex>100.00</percindex>
      <caracteristica>N</caracteristica>
      <percprovcred>0.00</percprovcred>
      <classeoperacao>C</classeoperacao>
      <idinternoativo>LFT01032022</idinternoativo>
      <nivelrsc></nivelrsc>
   </titpublico>
   <titpublico>
      <isin>BRSTNCLF1R82</isin>
      <codativo>210100</codativo>
      <cusip></cusip>
      <dtemissao>20170113</dtemissao>
      <dtoperacao>20170921</dtoperacao>
      <dtvencimento>20230301</dtvencimento>
      <qtdisponivel>7.000000000</qtdisponivel>
      <qtgarantia>0.000000000</qtgarantia>
      <depgar>0</depgar>
      <pucompra>9102.50709677</pucompra>
      <puvencimento>0.00000000</puvencimento>
      <puposicao>9237.44714286</puposicao>
      <puemissao>1000.00000000</puemissao>
      <principal>63717.55</principal>
      <tributos>0.00</tributos>
      <valorfindisp>64662.13</valorfindisp>
      <valorfinemgar>0.00</valorfinemgar>
      <coupom>0.00</coupom>
      <indexador>DI1</indexador>
      <percindex>100.00</percindex>
      <caracteristica>N</caracteristica>
      <percprovcred>0.00</percprovcred>
      <classeoperacao>C</classeoperacao>
      <idinternoativo>LFT01032023</idinternoativo>
      <nivelrsc></nivelrsc>
   </titpublico>
   <titpublico>
      <isin>BRSTNCLF1R09</isin>
      <codativo>210100</codativo>
      <cusip></cusip>
      <dtemissao>20130111</dtemissao>
      <dtoperacao>20170306</dtoperacao>
      <dtvencimento>20180901</dtvencimento>
      <qtdisponivel>4.000000000</qtdisponivel>
      <qtgarantia>0.000000000</qtgarantia>
      <depgar>0</depgar>
      <pucompra>8622.17000000</pucompra>
      <puvencimento>0.00000000</puvencimento>
      <puposicao>9238.80500000</puposicao>
      <puemissao>1000.00000000</puemissao>
      <principal>34488.68</principal>
      <tributos>0.00</tributos>
      <valorfindisp>36955.22</valorfindisp>
      <valorfinemgar>0.00</valorfinemgar>
      <coupom>0.00</coupom>
      <indexador>DI1</indexador>
      <percindex>100.00</percindex>
      <caracteristica>N</caracteristica>
      <percprovcred>0.00</percprovcred>
      <classeoperacao>C</classeoperacao>
      <idinternoativo>LFT01092018</idinternoativo>
      <nivelrsc></nivelrsc>
   </titpublico>
   <titpublico>
      <isin>BRSTNCLF1R58</isin>
      <codativo>210100</codativo>
      <cusip></cusip>
      <dtemissao>20150508</dtemissao>
      <dtoperacao>20170818</dtoperacao>
      <dtvencimento>20210901</dtvencimento>
      <qtdisponivel>1.000000000</qtdisponivel>
      <qtgarantia>0.000000000</qtgarantia>
      <depgar>0</depgar>
      <pucompra>9032.85428571</pucompra>
      <puvencimento>0.00000000</puvencimento>
      <puposicao>9237.63000000</puposicao>
      <puemissao>1000.00000000</puemissao>
      <principal>9032.85</principal>
      <tributos>0.00</tributos>
      <valorfindisp>9237.63</valorfindisp>
      <valorfinemgar>0.00</valorfinemgar>
      <coupom>0.00</coupom>
      <indexador>DI1</indexador>
      <percindex>100.00</percindex>
      <caracteristica>N</caracteristica>
      <percprovcred>0.00</percprovcred>
      <classeoperacao>C</classeoperacao>
      <idinternoativo>LFT01092021</idinternoativo>
      <nivelrsc></nivelrsc>
   </titpublico>
   <titpublico>
      <isin>BRSTNCLF1R74</isin>
      <codativo>210100</codativo>
      <cusip></cusip>
      <dtemissao>20160708</dtemissao>
      <dtoperacao>20170613</dtoperacao>
      <dtvencimento>20220901</dtvencimento>
      <qtdisponivel>1.000000000</qtdisponivel>
      <qtgarantia>0.000000000</qtgarantia>
      <depgar>0</depgar>
      <pucompra>8863.68000000</pucompra>
      <puvencimento>0.00000000</puvencimento>
      <puposicao>9237.22000000</puposicao>
      <puemissao>1000.00000000</puemissao>
      <principal>8863.68</principal>
      <tributos>0.00</tributos>
      <valorfindisp>9237.22</valorfindisp>
      <valorfinemgar>0.00</valorfinemgar>
      <coupom>0.00</coupom>
      <indexador>DI1</indexador>
      <percindex>100.00</percindex>
      <caracteristica>N</caracteristica>
      <percprovcred>0.00</percprovcred>
      <classeoperacao>C</classeoperacao>
      <idinternoativo>LFT01092022</idinternoativo>
      <nivelrsc></nivelrsc>
   </titpublico>
   <acoes>
      <isin>BRABCBACNPR4</isin>
      <cusip></cusip>
      <codativo>ABCB4</codativo>
      <qtdisponivel>1300.000000000</qtdisponivel>
      <lote>1</lote>
      <qtgarantia>0.000000000</qtgarantia>
      <valorfindisp>20670.00</valorfindisp>
      <valorfinemgar>0.00</valorfinemgar>
      <tributos>0.00</tributos>
      <puposicao>15.90000000</puposicao>
      <percprovcred>0.00</percprovcred>
      <tpconta>1</tpconta>
      <classeoperacao>C</classeoperacao>
      <dtvencalug></dtvencalug>
      <txalug>0.00</txalug>
      <cnpjinter></cnpjinter>
   </acoes>
   <acoes>
      <isin>BRCSNAACNOR6</isin>
      <cusip></cusip>
      <codativo>CSNA3</codativo>
      <qtdisponivel>2000.000000000</qtdisponivel>
      <lote>1</lote>
      <qtgarantia>0.000000000</qtgarantia>
      <valorfindisp>15040.00</valorfindisp>
      <valorfinemgar>0.00</valorfinemgar>
      <tributos>0.00</tributos>
      <puposicao>7.52000000</puposicao>
      <percprovcred>0.00</percprovcred>
      <tpconta>1</tpconta>
      <classeoperacao>V</classeoperacao>
      <dtvencalug></dtvencalug>
      <txalug>0.00</txalug>
      <cnpjinter></cnpjinter>
   </acoes>
   <acoes>
      <isin>BRITUBACNPR1</isin>
      <cusip></cusip>
      <codativo>ITUB4</codativo>
      <qtdisponivel>0.000000000</qtdisponivel>
      <lote>1</lote>
      <qtgarantia>0.000000000</qtgarantia>
      <valorfindisp>0.00</valorfindisp>
      <valorfinemgar>0.00</valorfinemgar>
      <tributos>0.00</tributos>
      <puposicao>0.00000000</puposicao>
      <percprovcred>0.00</percprovcred>
      <tpconta>1</tpconta>
      <classeoperacao>C</classeoperacao>
      <dtvencalug></dtvencalug>
      <txalug>0.00</txalug>
      <cnpjinter></cnpjinter>
   </acoes>
   <acoes>
      <isin>BRITUBACNPR1</isin>
      <cusip></cusip>
      <codativo>ITUB4</codativo>
      <qtdisponivel>800.000000000</qtdisponivel>
      <lote>1</lote>
      <qtgarantia>0.000000000</qtgarantia>
      <valorfindisp>33472.00</valorfindisp>
      <valorfinemgar>0.00</valorfinemgar>
      <tributos>0.00</tributos>
      <puposicao>41.84000000</puposicao>
      <percprovcred>0.00</percprovcred>
      <tpconta>1</tpconta>
      <classeoperacao>T</classeoperacao>
      <dtvencalug>20180105</dtvencalug>
      <txalug>0.39</txalug>
      <cnpjinter>00806535000154</cnpjinter>
   </acoes>
   <acoes>
      <isin>BRITUBACNPR1</isin>
      <cusip></cusip>
      <codativo>ITUB4</codativo>
      <qtdisponivel>400.000000000</qtdisponivel>
      <lote>1</lote>
      <qtgarantia>0.000000000</qtgarantia>
      <valorfindisp>16736.00</valorfindisp>
      <valorfinemgar>0.00</valorfinemgar>
      <tributos>0.00</tributos>
      <puposicao>41.84000000</puposicao>
      <percprovcred>0.00</percprovcred>
      <tpconta>1</tpconta>
      <classeoperacao>T</classeoperacao>
      <dtvencalug>20180115</dtvencalug>
      <txalug>0.42</txalug>
      <cnpjinter>00806535000154</cnpjinter>
   </acoes>
   <acoes>
      <isin>BRITUBACNPR1</isin>
      <cusip></cusip>
      <codativo>ITUB4</codativo>
      <qtdisponivel>300.000000000</qtdisponivel>
      <lote>1</lote>
      <qtgarantia>0.000000000</qtgarantia>
      <valorfindisp>12552.00</valorfindisp>
      <valorfinemgar>0.00</valorfinemgar>
      <tributos>0.00</tributos>
      <puposicao>41.84000000</puposicao>
      <percprovcred>0.00</percprovcred>
      <tpconta>1</tpconta>
      <classeoperacao>T</classeoperacao>
      <dtvencalug>20171220</dtvencalug>
      <txalug>0.40</txalug>
      <cnpjinter>00806535000154</cnpjinter>
   </acoes>
   <acoes>
      <isin>BRITUBACNPR1</isin>
      <cusip></cusip>
      <codativo>ITUB4</codativo>
      <qtdisponivel>2000.000000000</qtdisponivel>
      <lote>1</lote>
      <qtgarantia>0.000000000</qtgarantia>
      <valorfindisp>83680.00</valorfindisp>
      <valorfinemgar>0.00</valorfinemgar>
      <tributos>0.00</tributos>
      <puposicao>41.84000000</puposicao>
      <percprovcred>0.00</percprovcred>
      <tpconta>1</tpconta>
      <classeoperacao>T</classeoperacao>
      <dtvencalug>20171222</dtvencalug>
      <txalug>0.37</txalug>
      <cnpjinter>00806535000154</cnpjinter>
   </acoes>
   <acoes>
      <isin>BRITUBACNPR1</isin>
      <cusip></cusip>
      <codativo>ITUB4</codativo>
      <qtdisponivel>100.000000000</qtdisponivel>
      <lote>1</lote>
      <qtgarantia>0.000000000</qtgarantia>
      <valorfindisp>4184.00</valorfindisp>
      <valorfinemgar>0.00</valorfinemgar>
      <tributos>0.00</tributos>
      <puposicao>41.84000000</puposicao>
      <percprovcred>0.00</percprovcred>
      <tpconta>1</tpconta>
      <classeoperacao>T</classeoperacao>
      <dtvencalug>20180104</dtvencalug>
      <txalug>0.38</txalug>
      <cnpjinter>00806535000154</cnpjinter>
   </acoes>
   <acoes>
      <isin>BRPETRACNPR6</isin>
      <cusip></cusip>
      <codativo>PETR4</codativo>
      <qtdisponivel>0.000000000</qtdisponivel>
      <lote>1</lote>
      <qtgarantia>0.000000000</qtgarantia>
      <valorfindisp>0.00</valorfindisp>
      <valorfinemgar>0.00</valorfinemgar>
      <tributos>0.00</tributos>
      <puposicao>0.00000000</puposicao>
      <percprovcred>0.00</percprovcred>
      <tpconta>1</tpconta>
      <classeoperacao>C</classeoperacao>
      <dtvencalug></dtvencalug>
      <txalug>0.00</txalug>
      <cnpjinter></cnpjinter>
   </acoes>
   <acoes>
      <isin>BRPETRACNPR6</isin>
      <cusip></cusip>
      <codativo>PETR4</codativo>
      <qtdisponivel>2000.000000000</qtdisponivel>
      <lote>1</lote>
      <qtgarantia>0.000000000</qtgarantia>
      <valorfindisp>30960.00</valorfindisp>
      <valorfinemgar>0.00</valorfinemgar>
      <tributos>0.00</tributos>
      <puposicao>15.48000000</puposicao>
      <percprovcred>0.00</percprovcred>
      <tpconta>1</tpconta>
      <classeoperacao>T</classeoperacao>
      <dtvencalug>20180111</dtvencalug>
      <txalug>0.45</txalug>
      <cnpjinter>00806535000154</cnpjinter>
   </acoes>
   <acoes>
      <isin>BRRADLACNOR0</isin>
      <cusip></cusip>
      <codativo>RADL3</codativo>
      <qtdisponivel>0.000000000</qtdisponivel>
      <lote>1</lote>
      <qtgarantia>0.000000000</qtgarantia>
      <valorfindisp>0.00</valorfindisp>
      <valorfinemgar>0.00</valorfinemgar>
      <tributos>0.00</tributos>
      <puposicao>0.00000000</puposicao>
      <percprovcred>0.00</percprovcred>
      <tpconta>1</tpconta>
      <classeoperacao>C</classeoperacao>
      <dtvencalug></dtvencalug>
      <txalug>0.00</txalug>
      <cnpjinter></cnpjinter>
   </acoes>
   <acoes>
      <isin>BRRADLACNOR0</isin>
      <cusip></cusip>
      <codativo>RADL3</codativo>
      <qtdisponivel>0.000000000</qtdisponivel>
      <lote>1</lote>
      <qtgarantia>0.000000000</qtgarantia>
      <valorfindisp>0.00</valorfindisp>
      <valorfinemgar>0.00</valorfinemgar>
      <tributos>0.00</tributos>
      <puposicao>86.98000000</puposicao>
      <percprovcred>0.00</percprovcred>
      <tpconta>1</tpconta>
      <classeoperacao>T</classeoperacao>
      <dtvencalug>20171026</dtvencalug>
      <txalug>1.00</txalug>
      <cnpjinter>00806535000154</cnpjinter>
   </acoes>
   <opcoesacoes>
      <isin>BRCSNA3X0BU9</isin>
      <cusip></cusip>
      <codativo>CSNAX74</codativo>
      <ativobase>CSNA3</ativobase>
      <qtdisponivel>6000.000000000</qtdisponivel>
      <valorfinanceiro>1320.00</valorfinanceiro>
      <precoexercicio>7.40000000</precoexercicio>
      <dtvencimento>20171218</dtvencimento>
      <classeoperacao>C</classeoperacao>
      <tributos>0.00</tributos>
      <puposicao>0.22000000</puposicao>
      <premio>0.00</premio>
      <percprovcred>0.00</percprovcred>
      <tpconta>1</tpconta>
      <hedge>N</hedge>
      <tphedge>0</tphedge>
   </opcoesacoes>
   <opcoesacoes>
      <isin>BRVALE3L0490</isin>
      <cusip></cusip>
      <codativo>VALEL387</codativo>
      <ativobase>VALE3</ativobase>
      <qtdisponivel>2000.000000000</qtdisponivel>
      <valorfinanceiro>520.00</valorfinanceiro>
      <precoexercicio>38.90000000</precoexercicio>
      <dtvencimento>20171218</dtvencimento>
      <classeoperacao>C</classeoperacao>
      <tributos>0.00</tributos>
      <puposicao>0.26000000</puposicao>
      <premio>0.00</premio>
      <percprovcred>0.00</percprovcred>
      <tpconta>1</tpconta>
      <hedge>N</hedge>
      <tphedge>0</tphedge>
   </opcoesacoes>
   <futuros>
      <isin></isin>
      <ativo>IND</ativo>
      <cnpjcorretora>00806535000154</cnpjcorretora>
      <serie>Z17</serie>
      <quantidade>0.000000000</quantidade>
      <vltotalpos>0.00</vltotalpos>
      <tributos>0.00</tributos>
      <dtvencimento>19010101</dtvencimento>
      <vlajuste>215.00</vlajuste>
      <classeoperacao>C</classeoperacao>
      <hedge>N</hedge>
      <tphedge>0</tphedge>
   </futuros>
   <caixa>
      <isininstituicao>BRBBDC</isininstituicao>
      <tpconta>D</tpconta>
      <saldo>5903.27</saldo>
      <nivelrsc>BB</nivelrsc>
   </caixa>
   <cotas>
      <isin>BR**********</isin>
      <cnpjfundo>22175345000119</cnpjfundo>
      <qtdisponivel>2.325162660</qtdisponivel>
      <qtgarantia>0.000000000</qtgarantia>
      <puposicao>37010.72514926</puposicao>
      <tributos>0.00</tributos>
      <nivelrsc></nivelrsc>
   </cotas>
   <cotas>
      <isin>BR**********</isin>
      <cnpjfundo>22175345000119</cnpjfundo>
      <qtdisponivel>0.601788910</qtdisponivel>
      <qtgarantia>0.000000000</qtgarantia>
      <puposicao>35264.03253923</puposicao>
      <tributos>0.00</tributos>
      <nivelrsc></nivelrsc>
   </cotas>
   <cotas>
      <isin>BR**********</isin>
      <cnpjfundo>27500387000100</cnpjfundo>
      <qtdisponivel>43980.027086400</qtdisponivel>
      <qtgarantia>0.000000000</qtgarantia>
      <puposicao>1.15045611</puposicao>
      <tributos>0.00</tributos>
      <nivelrsc></nivelrsc>
   </cotas>
   <cotas>
      <isin>BROSAVCTF007</isin>
      <cnpjfundo>01653201000150</cnpjfundo>
      <qtdisponivel>4167.148325900</qtdisponivel>
      <qtgarantia>0.000000000</qtgarantia>
      <puposicao>15.02594090</puposicao>
      <tributos>0.00</tributos>
      <nivelrsc></nivelrsc>
   </cotas>
   <despesas>
      <txadm>0.00</txadm>
      <tributos>0.00</tributos>
      <perctaxaadm>0.00000000</perctaxaadm>
      <txperf>N</txperf>
      <vltxperf>0.00</vltxperf>
      <perctxperf>0.00000000</perctxperf>
      <percindex>0.00000000</percindex>
      <outtax>0.00</outtax>
      <indexador></indexador>
   </despesas>
   <outrasdespesas>
      <coddesp>999</coddesp>
      <valor>24.19</valor>
   </outrasdespesas>
   <provisao>
      <codprov>21</codprov>
      <!--Conta Corrente-->
      <credeb>C</credeb>
      <dt>00000000</dt>
      <valor>15480.14</valor>
   </provisao>
   <provisao>
      <codprov>31</codprov>
      <!--Juros a Pagar s/BTC Tomador-->
      <credeb>D</credeb>
      <dt>20180105</dt>
      <valor>2.63</valor>
   </provisao>
   <provisao>
      <codprov>31</codprov>
      <!--Juros a Pagar s/BTC Tomador-->
      <credeb>D</credeb>
      <dt>20180111</dt>
      <valor>4.01</valor>
   </provisao>
   <provisao>
      <codprov>31</codprov>
      <!--Juros a Pagar s/BTC Tomador-->
      <credeb>D</credeb>
      <dt>20180115</dt>
      <valor>1.13</valor>
   </provisao>
   <provisao>
      <codprov>31</codprov>
      <!--Juros a Pagar s/BTC Tomador-->
      <credeb>D</credeb>
      <dt>20171220</dt>
      <valor>2.98</valor>
   </provisao>
   <provisao>
      <codprov>31</codprov>
      <!--Juros a Pagar s/BTC Tomador-->
      <credeb>D</credeb>
      <dt>20171222</dt>
      <valor>15.61</valor>
   </provisao>
   <provisao>
      <codprov>31</codprov>
      <!--Juros a Pagar s/BTC Tomador-->
      <credeb>D</credeb>
      <dt>20180104</dt>
      <valor>0.38</valor>
   </provisao>
   <provisao>
      <codprov>31</codprov>
      <!--Juros a Pagar s/BTC Tomador-->
      <credeb>D</credeb>
      <dt>20171026</dt>
      <valor>0.00</valor>
   </provisao>
   <provisao>
      <codprov>34</codprov>
      <!--Taxa de Administracao Prevista-->
      <credeb>D</credeb>
      <dt>00000000</dt>
      <valor>1120.61</valor>
   </provisao>
   <provisao>
      <codprov>999</codprov>
      <!--Outros-->
      <credeb>C</credeb>
      <dt>20180115</dt>
      <valor>30.30</valor>
   </provisao>
   <provisao>
      <codprov>999</codprov>
      <!--Outros-->
      <credeb>C</credeb>
      <dt>20171206</dt>
      <valor>224.68</valor>
   </provisao>
   <provisao>
      <codprov>999</codprov>
      <!--Outros-->
      <credeb>C</credeb>
      <dt>20180109</dt>
      <valor>338.06</valor>
   </provisao>
</fundo>
</arquivoposicao_4_01>
