<?xml version= "1.0" encoding="UTF-8"?>
<arquivoposicao_4_01>
<fundo>
   <header>
      <isin>BR**********</isin>
      <cnpj>20979931000190</cnpj>
      <nome>TAMADRON FIM CP IE</nome>
      <dtposicao>20171212</dtposicao>
      <nomeadm>PLANNER CORRETORA DE VALORES SA</nomeadm>
      <cnpjadm>00806535000154</cnpjadm>
      <nomegestor>GRAU GESTAO DE ATIVOS LTDA</nomegestor>
      <cnpjgestor>07252227000173</cnpjgestor>
      <nomecustodiante>PLANNER CV SA</nomecustodiante>
      <cnpjcustodiante>00806535000154</cnpjcustodiante>
      <valorcota>1.32574850</valorcota>
      <quantidade>2031246.841020800</quantidade>
      <patliq>2692922.57</patliq>
      <valorativos>2691652.83</valorativos>
      <valorreceber>2469.74</valorreceber>
      <valorpagar>1200.00</valorpagar>
      <vlcotasemitir>0.00</vlcotasemitir>
      <vlcotasresgatar>0.00</vlcotasresgatar>
      <codanbid>411124</codanbid>
      <tipofundo></tipofundo>
      <nivelrsc></nivelrsc>
   </header>
   <caixa>
      <isininstituicao>BRBBDC</isininstituicao>
      <tpconta>D</tpconta>
      <saldo>35186.76</saldo>
      <nivelrsc>BB</nivelrsc>
   </caixa>
   <cotas>
      <isin>BR**********</isin>
      <cnpjfundo>22175345000119</cnpjfundo>
      <qtdisponivel>1.425298330</qtdisponivel>
      <qtgarantia>0.000000000</qtgarantia>
      <puposicao>37108.07792576</puposicao>
      <tributos>0.00</tributos>
      <nivelrsc></nivelrsc>
   </cotas>
   <cotas>
      <isin>BR**********</isin>
      <cnpjfundo>22175345000119</cnpjfundo>
      <qtdisponivel>1.480950150</qtdisponivel>
      <qtgarantia>0.000000000</qtgarantia>
      <puposicao>35339.38392082</puposicao>
      <tributos>0.00</tributos>
      <nivelrsc></nivelrsc>
   </cotas>
   <cotas>
      <isin>BR**********</isin>
      <cnpjfundo>27500387000100</cnpjfundo>
      <qtdisponivel>46230.289715900</qtdisponivel>
      <qtgarantia>0.000000000</qtgarantia>
      <puposicao>1.15984217</puposicao>
      <tributos>0.00</tributos>
      <nivelrsc></nivelrsc>
   </cotas>
   <despesas>
      <txadm>0.00</txadm>
      <tributos>13856.63</tributos>
      <perctaxaadm>0.00000000</perctaxaadm>
      <txperf>N</txperf>
      <vltxperf>0.00</vltxperf>
      <perctxperf>0.00000000</perctxperf>
      <percindex>0.00000000</percindex>
      <outtax>0.00</outtax>
      <indexador></indexador>
   </despesas>
   <provisao>
      <codprov>15</codprov>
      <!--Taxa Custodia-->
      <credeb>D</credeb>
      <dt>20171229</dt>
      <valor>600.00</valor>
   </provisao>
   <provisao>
      <codprov>999</codprov>
      <!--Outros-->
      <credeb>D</credeb>
      <dt>20171229</dt>
      <valor>600.00</valor>
   </provisao>
   <provisao>
      <codprov>999</codprov>
      <!--Outros-->
      <credeb>C</credeb>
      <dt>20171215</dt>
      <valor>6.60</valor>
   </provisao>
   <provisao>
      <codprov>999</codprov>
      <!--Outros-->
      <credeb>C</credeb>
      <dt>20171229</dt>
      <valor>282.40</valor>
   </provisao>
   <provisao>
      <codprov>999</codprov>
      <!--Outros-->
      <credeb>C</credeb>
      <dt>20180104</dt>
      <valor>1897.07</valor>
   </provisao>
   <provisao>
      <codprov>999</codprov>
      <!--Outros-->
      <credeb>C</credeb>
      <dt>20171229</dt>
      <valor>26.85</valor>
   </provisao>
   <provisao>
      <codprov>999</codprov>
      <!--Outros-->
      <credeb>C</credeb>
      <dt>20180109</dt>
      <valor>256.82</valor>
   </provisao>
</fundo>
</arquivoposicao_4_01>
