<?xml version= "1.0" encoding="UTF-8"?>
<arquivoposicao_4_01>
<fundo>
   <header>
      <isin>BR**********</isin>
      <cnpj>20979931000190</cnpj>
      <nome>TAMADRON FIM CP IE</nome>
      <dtposicao>20171201</dtposicao>
      <nomeadm>PLANNER CORRETORA DE VALORES SA</nomeadm>
      <cnpjadm>00806535000154</cnpjadm>
      <nomegestor>GRAU GESTAO DE ATIVOS LTDA</nomegestor>
      <cnpjgestor>07252227000173</cnpjgestor>
      <nomecustodiante>PLANNER CV SA</nomecustodiante>
      <cnpjcustodiante>00806535000154</cnpjcustodiante>
      <valorcota>1.32419620</valorcota>
      <quantidade>2031246.841020800</quantidade>
      <patliq>2689769.51</patliq>
      <valorativos>2703859.62</valorativos>
      <valorreceber>1202.26</valorreceber>
      <valorpagar>15292.37</valorpagar>
      <vlcotasemitir>0.00</vlcotasemitir>
      <vlcotasresgatar>0.00</vlcotasresgatar>
      <codanbid>411124</codanbid>
      <tipofundo></tipofundo>
      <nivelrsc></nivelrsc>
   </header>
   <debenture>
      <isin>BRCSDCDBS021</isin>
      <coddeb>CSDC13</coddeb>
      <debconv>N</debconv>
      <debpartlucro>N</debpartlucro>
      <SPE>N</SPE>
      <cusip></cusip>
      <dtemissao>20150227</dtemissao>
      <dtoperacao>20160712</dtoperacao>
      <dtvencimento>20190227</dtvencimento>
      <cnpjemissor>46948287000187</cnpjemissor>
      <qtdisponivel>1.000000000</qtdisponivel>
      <qtgarantia>0.000000000</qtgarantia>
      <depgar>0</depgar>
      <pucompra>83977.42214286</pucompra>
      <puvencimento>999.99999990</puvencimento>
      <puposicao>50077.63936378</puposicao>
      <puemissao>100000.00000000</puemissao>
      <principal>83977.42</principal>
      <tributos>0.00</tributos>
      <valorfindisp>50077.64</valorfindisp>
      <valorfinemgar>0.00</valorfinemgar>
      <coupom>0.00</coupom>
      <indexador>DI1</indexador>
      <percindex>130.00</percindex>
      <caracteristica>N</caracteristica>
      <percprovcred>0.00</percprovcred>
      <classeoperacao>C</classeoperacao>
      <idinternoativo>CSDC13</idinternoativo>
      <nivelrsc></nivelrsc>
   </debenture>
   <debenture>
      <isin>BRCSDCDBS021</isin>
      <coddeb>CSDC13</coddeb>
      <debconv>N</debconv>
      <debpartlucro>N</debpartlucro>
      <SPE>N</SPE>
      <cusip></cusip>
      <dtemissao>20150227</dtemissao>
      <dtoperacao>20161011</dtoperacao>
      <dtvencimento>20190227</dtvencimento>
      <cnpjemissor>46948287000187</cnpjemissor>
      <qtdisponivel>1.000000000</qtdisponivel>
      <qtgarantia>0.000000000</qtgarantia>
      <depgar>0</depgar>
      <pucompra>83920.19000000</pucompra>
      <puvencimento>999.99999990</puvencimento>
      <puposicao>50077.63936378</puposicao>
      <puemissao>100000.00000000</puemissao>
      <principal>83920.19</principal>
      <tributos>0.00</tributos>
      <valorfindisp>50077.64</valorfindisp>
      <valorfinemgar>0.00</valorfinemgar>
      <coupom>0.00</coupom>
      <indexador>DI1</indexador>
      <percindex>130.00</percindex>
      <caracteristica>N</caracteristica>
      <percprovcred>0.00</percprovcred>
      <classeoperacao>C</classeoperacao>
      <idinternoativo>CSDC13</idinternoativo>
      <nivelrsc></nivelrsc>
   </debenture>
   <debenture>
      <isin>BRMTECDBS042</isin>
      <coddeb>MTEL15</coddeb>
      <debconv>N</debconv>
      <debpartlucro>N</debpartlucro>
      <SPE>N</SPE>
      <cusip></cusip>
      <dtemissao>20141216</dtemissao>
      <dtoperacao>20160712</dtoperacao>
      <dtvencimento>20201216</dtvencimento>
      <cnpjemissor>71738132000163</cnpjemissor>
      <qtdisponivel>112.000000000</qtdisponivel>
      <qtgarantia>0.000000000</qtgarantia>
      <depgar>0</depgar>
      <pucompra>10122.54946429</pucompra>
      <puvencimento>999.99999990</puvencimento>
      <puposicao>10444.03335500</puposicao>
      <puemissao>10000.00000000</puemissao>
      <principal>1133725.54</principal>
      <tributos>0.00</tributos>
      <valorfindisp>1169731.74</valorfindisp>
      <valorfinemgar>0.00</valorfinemgar>
      <coupom>0.00</coupom>
      <indexador>DI1</indexador>
      <percindex>130.00</percindex>
      <caracteristica>N</caracteristica>
      <percprovcred>0.00</percprovcred>
      <classeoperacao>C</classeoperacao>
      <idinternoativo>MTEL15</idinternoativo>
      <nivelrsc></nivelrsc>
   </debenture>
   <debenture>
      <isin>BRMTECDBS042</isin>
      <coddeb>MTEL15</coddeb>
      <debconv>N</debconv>
      <debpartlucro>N</debpartlucro>
      <SPE>N</SPE>
      <cusip></cusip>
      <dtemissao>20141216</dtemissao>
      <dtoperacao>20160809</dtoperacao>
      <dtvencimento>20201216</dtvencimento>
      <cnpjemissor>71738132000163</cnpjemissor>
      <qtdisponivel>9.000000000</qtdisponivel>
      <qtgarantia>0.000000000</qtgarantia>
      <depgar>0</depgar>
      <pucompra>10358.15000000</pucompra>
      <puvencimento>999.99999990</puvencimento>
      <puposicao>10444.03335500</puposicao>
      <puemissao>10000.00000000</puemissao>
      <principal>93223.35</principal>
      <tributos>0.00</tributos>
      <valorfindisp>93996.30</valorfindisp>
      <valorfinemgar>0.00</valorfinemgar>
      <coupom>0.00</coupom>
      <indexador>DI1</indexador>
      <percindex>130.00</percindex>
      <caracteristica>N</caracteristica>
      <percprovcred>0.00</percprovcred>
      <classeoperacao>C</classeoperacao>
      <idinternoativo>MTEL15</idinternoativo>
      <nivelrsc></nivelrsc>
   </debenture>
   <debenture>
      <isin>BRMTECDBS042</isin>
      <coddeb>MTEL15</coddeb>
      <debconv>N</debconv>
      <debpartlucro>N</debpartlucro>
      <SPE>N</SPE>
      <cusip></cusip>
      <dtemissao>20141216</dtemissao>
      <dtoperacao>20160809</dtoperacao>
      <dtvencimento>20201216</dtvencimento>
      <cnpjemissor>71738132000163</cnpjemissor>
      <qtdisponivel>10.000000000</qtdisponivel>
      <qtgarantia>0.000000000</qtgarantia>
      <depgar>0</depgar>
      <pucompra>10358.15000000</pucompra>
      <puvencimento>999.99999990</puvencimento>
      <puposicao>10444.03335500</puposicao>
      <puemissao>10000.00000000</puemissao>
      <principal>103581.50</principal>
      <tributos>0.00</tributos>
      <valorfindisp>104440.33</valorfindisp>
      <valorfinemgar>0.00</valorfinemgar>
      <coupom>0.00</coupom>
      <indexador>DI1</indexador>
      <percindex>130.00</percindex>
      <caracteristica>N</caracteristica>
      <percprovcred>0.00</percprovcred>
      <classeoperacao>C</classeoperacao>
      <idinternoativo>MTEL15</idinternoativo>
      <nivelrsc></nivelrsc>
   </debenture>
   <debenture>
      <isin>BRMTECDBS042</isin>
      <coddeb>MTEL15</coddeb>
      <debconv>N</debconv>
      <debpartlucro>N</debpartlucro>
      <SPE>N</SPE>
      <cusip></cusip>
      <dtemissao>20141216</dtemissao>
      <dtoperacao>20160810</dtoperacao>
      <dtvencimento>20201216</dtvencimento>
      <cnpjemissor>71738132000163</cnpjemissor>
      <qtdisponivel>9.000000000</qtdisponivel>
      <qtgarantia>0.000000000</qtgarantia>
      <depgar>0</depgar>
      <pucompra>10365.75444444</pucompra>
      <puvencimento>999.99999990</puvencimento>
      <puposicao>10444.03335500</puposicao>
      <puemissao>10000.00000000</puemissao>
      <principal>93291.79</principal>
      <tributos>0.00</tributos>
      <valorfindisp>93996.30</valorfindisp>
      <valorfinemgar>0.00</valorfinemgar>
      <coupom>0.00</coupom>
      <indexador>DI1</indexador>
      <percindex>130.00</percindex>
      <caracteristica>N</caracteristica>
      <percprovcred>0.00</percprovcred>
      <classeoperacao>C</classeoperacao>
      <idinternoativo>MTEL15</idinternoativo>
      <nivelrsc></nivelrsc>
   </debenture>
   <debenture>
      <isin>BRMTECDBS042</isin>
      <coddeb>MTEL15</coddeb>
      <debconv>N</debconv>
      <debpartlucro>N</debpartlucro>
      <SPE>N</SPE>
      <cusip></cusip>
      <dtemissao>20141216</dtemissao>
      <dtoperacao>20160810</dtoperacao>
      <dtvencimento>20201216</dtvencimento>
      <cnpjemissor>71738132000163</cnpjemissor>
      <qtdisponivel>41.000000000</qtdisponivel>
      <qtgarantia>0.000000000</qtgarantia>
      <depgar>0</depgar>
      <pucompra>10365.75512195</pucompra>
      <puvencimento>999.99999990</puvencimento>
      <puposicao>10444.03335500</puposicao>
      <puemissao>10000.00000000</puemissao>
      <principal>424995.96</principal>
      <tributos>0.00</tributos>
      <valorfindisp>428205.37</valorfindisp>
      <valorfinemgar>0.00</valorfinemgar>
      <coupom>0.00</coupom>
      <indexador>DI1</indexador>
      <percindex>130.00</percindex>
      <caracteristica>N</caracteristica>
      <percprovcred>0.00</percprovcred>
      <classeoperacao>C</classeoperacao>
      <idinternoativo>MTEL15</idinternoativo>
      <nivelrsc></nivelrsc>
   </debenture>
   <debenture>
      <isin>BRMTECDBS042</isin>
      <coddeb>MTEL15</coddeb>
      <debconv>N</debconv>
      <debpartlucro>N</debpartlucro>
      <SPE>N</SPE>
      <cusip></cusip>
      <dtemissao>20141216</dtemissao>
      <dtoperacao>20160816</dtoperacao>
      <dtvencimento>20201216</dtvencimento>
      <cnpjemissor>71738132000163</cnpjemissor>
      <qtdisponivel>32.000000000</qtdisponivel>
      <qtgarantia>0.000000000</qtgarantia>
      <depgar>0</depgar>
      <pucompra>10247.56343750</pucompra>
      <puvencimento>999.99999990</puvencimento>
      <puposicao>10444.03335500</puposicao>
      <puemissao>10000.00000000</puemissao>
      <principal>327922.03</principal>
      <tributos>0.00</tributos>
      <valorfindisp>334209.07</valorfindisp>
      <valorfinemgar>0.00</valorfinemgar>
      <coupom>0.00</coupom>
      <indexador>DI1</indexador>
      <percindex>130.00</percindex>
      <caracteristica>N</caracteristica>
      <percprovcred>0.00</percprovcred>
      <classeoperacao>C</classeoperacao>
      <idinternoativo>MTEL15</idinternoativo>
      <nivelrsc></nivelrsc>
   </debenture>
   <debenture>
      <isin>BRMTECDBS042</isin>
      <coddeb>MTEL15</coddeb>
      <debconv>N</debconv>
      <debpartlucro>N</debpartlucro>
      <SPE>N</SPE>
      <cusip></cusip>
      <dtemissao>20141216</dtemissao>
      <dtoperacao>20160824</dtoperacao>
      <dtvencimento>20201216</dtvencimento>
      <cnpjemissor>71738132000163</cnpjemissor>
      <qtdisponivel>4.000000000</qtdisponivel>
      <qtgarantia>0.000000000</qtgarantia>
      <depgar>0</depgar>
      <pucompra>10290.13250000</pucompra>
      <puvencimento>999.99999990</puvencimento>
      <puposicao>10444.03335500</puposicao>
      <puemissao>10000.00000000</puemissao>
      <principal>41160.53</principal>
      <tributos>0.00</tributos>
      <valorfindisp>41776.13</valorfindisp>
      <valorfinemgar>0.00</valorfinemgar>
      <coupom>0.00</coupom>
      <indexador>DI1</indexador>
      <percindex>130.00</percindex>
      <caracteristica>N</caracteristica>
      <percprovcred>0.00</percprovcred>
      <classeoperacao>C</classeoperacao>
      <idinternoativo>MTEL15</idinternoativo>
      <nivelrsc></nivelrsc>
   </debenture>
   <debenture>
      <isin>BRMTECDBS042</isin>
      <coddeb>MTEL15</coddeb>
      <debconv>N</debconv>
      <debpartlucro>N</debpartlucro>
      <SPE>N</SPE>
      <cusip></cusip>
      <dtemissao>20141216</dtemissao>
      <dtoperacao>20161006</dtoperacao>
      <dtvencimento>20201216</dtvencimento>
      <cnpjemissor>71738132000163</cnpjemissor>
      <qtdisponivel>2.000000000</qtdisponivel>
      <qtgarantia>0.000000000</qtgarantia>
      <depgar>0</depgar>
      <pucompra>10353.27000000</pucompra>
      <puvencimento>999.99999990</puvencimento>
      <puposicao>10444.03335500</puposicao>
      <puemissao>10000.00000000</puemissao>
      <principal>20706.54</principal>
      <tributos>0.00</tributos>
      <valorfindisp>20888.07</valorfindisp>
      <valorfinemgar>0.00</valorfinemgar>
      <coupom>0.00</coupom>
      <indexador>DI1</indexador>
      <percindex>130.00</percindex>
      <caracteristica>N</caracteristica>
      <percprovcred>0.00</percprovcred>
      <classeoperacao>C</classeoperacao>
      <idinternoativo>MTEL15</idinternoativo>
      <nivelrsc></nivelrsc>
   </debenture>
   <debenture>
      <isin>BRMTECDBS042</isin>
      <coddeb>MTEL15</coddeb>
      <debconv>N</debconv>
      <debpartlucro>N</debpartlucro>
      <SPE>N</SPE>
      <cusip></cusip>
      <dtemissao>20141216</dtemissao>
      <dtoperacao>20161006</dtoperacao>
      <dtvencimento>20201216</dtvencimento>
      <cnpjemissor>71738132000163</cnpjemissor>
      <qtdisponivel>5.000000000</qtdisponivel>
      <qtgarantia>0.000000000</qtgarantia>
      <depgar>0</depgar>
      <pucompra>10353.27000000</pucompra>
      <puvencimento>999.99999990</puvencimento>
      <puposicao>10444.03335500</puposicao>
      <puemissao>10000.00000000</puemissao>
      <principal>51766.35</principal>
      <tributos>0.00</tributos>
      <valorfindisp>52220.17</valorfindisp>
      <valorfinemgar>0.00</valorfinemgar>
      <coupom>0.00</coupom>
      <indexador>DI1</indexador>
      <percindex>130.00</percindex>
      <caracteristica>N</caracteristica>
      <percprovcred>0.00</percprovcred>
      <classeoperacao>C</classeoperacao>
      <idinternoativo>MTEL15</idinternoativo>
      <nivelrsc></nivelrsc>
   </debenture>
   <debenture>
      <isin>BRMTECDBS042</isin>
      <coddeb>MTEL15</coddeb>
      <debconv>N</debconv>
      <debpartlucro>N</debpartlucro>
      <SPE>N</SPE>
      <cusip></cusip>
      <dtemissao>20141216</dtemissao>
      <dtoperacao>20161021</dtoperacao>
      <dtvencimento>20201216</dtvencimento>
      <cnpjemissor>71738132000163</cnpjemissor>
      <qtdisponivel>5.000000000</qtdisponivel>
      <qtgarantia>0.000000000</qtgarantia>
      <depgar>0</depgar>
      <pucompra>10283.40400000</pucompra>
      <puvencimento>999.99999990</puvencimento>
      <puposicao>10444.03335500</puposicao>
      <puemissao>10000.00000000</puemissao>
      <principal>51417.02</principal>
      <tributos>0.00</tributos>
      <valorfindisp>52220.17</valorfindisp>
      <valorfinemgar>0.00</valorfinemgar>
      <coupom>0.00</coupom>
      <indexador>DI1</indexador>
      <percindex>130.00</percindex>
      <caracteristica>N</caracteristica>
      <percprovcred>0.00</percprovcred>
      <classeoperacao>C</classeoperacao>
      <idinternoativo>MTEL15</idinternoativo>
      <nivelrsc></nivelrsc>
   </debenture>
   <caixa>
      <isininstituicao>BRBBDC</isininstituicao>
      <tpconta>D</tpconta>
      <saldo>54296.20</saldo>
      <nivelrsc>BB</nivelrsc>
   </caixa>
   <cotas>
      <isin>BR**********</isin>
      <cnpjfundo>22175345000119</cnpjfundo>
      <qtdisponivel>1.425298330</qtdisponivel>
      <qtgarantia>0.000000000</qtgarantia>
      <puposicao>36993.97600826</puposicao>
      <tributos>0.00</tributos>
      <nivelrsc></nivelrsc>
   </cotas>
   <cotas>
      <isin>BR**********</isin>
      <cnpjfundo>22175345000119</cnpjfundo>
      <qtdisponivel>1.480950150</qtdisponivel>
      <qtgarantia>0.000000000</qtgarantia>
      <puposicao>35251.06530592</puposicao>
      <tributos>0.00</tributos>
      <nivelrsc></nivelrsc>
   </cotas>
   <cotas>
      <isin>BR**********</isin>
      <cnpjfundo>27500387000100</cnpjfundo>
      <qtdisponivel>46230.289715900</qtdisponivel>
      <qtgarantia>0.000000000</qtgarantia>
      <puposicao>1.14193471</puposicao>
      <tributos>0.00</tributos>
      <nivelrsc></nivelrsc>
   </cotas>
   <despesas>
      <txadm>0.00</txadm>
      <tributos>0.00</tributos>
      <perctaxaadm>0.00000000</perctaxaadm>
      <txperf>N</txperf>
      <vltxperf>0.00</vltxperf>
      <perctxperf>0.00000000</perctxperf>
      <percindex>0.00000000</percindex>
      <outtax>0.00</outtax>
      <indexador></indexador>
   </despesas>
   <provisao>
      <codprov>15</codprov>
      <!--Taxa Custodia-->
      <credeb>D</credeb>
      <dt>20171207</dt>
      <valor>717.87</valor>
   </provisao>
   <provisao>
      <codprov>999</codprov>
      <!--Outros-->
      <credeb>D</credeb>
      <dt>20171207</dt>
      <valor>717.87</valor>
   </provisao>
   <provisao>
      <codprov>999</codprov>
      <!--Outros-->
      <credeb>C</credeb>
      <dt>20171215</dt>
      <valor>22.77</valor>
   </provisao>
   <provisao>
      <codprov>999</codprov>
      <!--Outros-->
      <credeb>C</credeb>
      <dt>20171229</dt>
      <valor>447.60</valor>
   </provisao>
   <provisao>
      <codprov>999</codprov>
      <!--Outros-->
      <credeb>C</credeb>
      <dt>20171206</dt>
      <valor>337.76</valor>
   </provisao>
   <provisao>
      <codprov>999</codprov>
      <!--Outros-->
      <credeb>C</credeb>
      <dt>20171229</dt>
      <valor>42.53</valor>
   </provisao>
   <provisao>
      <codprov>999</codprov>
      <!--Outros-->
      <credeb>C</credeb>
      <dt>20180109</dt>
      <valor>351.60</valor>
   </provisao>
   <provisao>
      <codprov>999</codprov>
      <!--IRRF s/Resgates de Cotistas-->
      <credeb>D</credeb>
      <dt>00000000</dt>
      <valor>13856.63</valor>
   </provisao>
</fundo>
</arquivoposicao_4_01>
