<?xml version= "1.0" encoding="UTF-8"?>
<arquivoposicao_4_01>
<fundo>
   <header>
      <isin>BR**********</isin>
      <cnpj>18716438000136</cnpj>
      <nome>OMF FI MULTIMERCADO CP INVESTIMENTO DO EXTERIOR</nome>
      <dtposicao>20171027</dtposicao>
      <nomeadm>PLANNER CORRETORA DE VALORES SA</nomeadm>
      <cnpjadm>00806535000154</cnpjadm>
      <nomegestor>EFIKKA INVESTIMENTOS</nomegestor>
      <cnpjgestor>19569363000170</cnpjgestor>
      <nomecustodiante>PLANNER CV SA</nomecustodiante>
      <cnpjcustodiante>00806535000154</cnpjcustodiante>
      <valorcota>1165.11055600</valorcota>
      <quantidade>8015.879130000</quantidade>
      <patliq>9339385.39</patliq>
      <valorativos>9339905.68</valorativos>
      <valorreceber>2194.05</valorreceber>
      <valorpagar>2714.34</valorpagar>
      <vlcotasemitir>0.00</vlcotasemitir>
      <vlcotasresgatar>0.00</vlcotasresgatar>
      <codanbid>361501</codanbid>
      <tipofundo>31</tipofundo>
      <nivelrsc></nivelrsc>
   </header>
   <titpublico>
      <isin>BRSTNCLF1QZ7</isin>
      <codativo>210100</codativo>
      <cusip></cusip>
      <dtemissao>20000701</dtemissao>
      <dtoperacao>20170329</dtoperacao>
      <dtvencimento>20180301</dtvencimento>
      <qtdisponivel>1.000000000</qtdisponivel>
      <qtgarantia>0.000000000</qtgarantia>
      <depgar>0</depgar>
      <pucompra>8689.70000000</pucompra>
      <puvencimento>0.00000000</puvencimento>
      <puposicao>9176.20000000</puposicao>
      <puemissao>0.00000000</puemissao>
      <principal>8689.70</principal>
      <tributos>0.00</tributos>
      <valorfindisp>9176.20</valorfindisp>
      <valorfinemgar>0.00</valorfinemgar>
      <coupom>0.00</coupom>
      <indexador></indexador>
      <percindex>100.00</percindex>
      <caracteristica>N</caracteristica>
      <percprovcred>0.00</percprovcred>
      <classeoperacao>C</classeoperacao>
      <idinternoativo>LFT01032018</idinternoativo>
      <nivelrsc></nivelrsc>
   </titpublico>
   <titpublico>
      <isin>BRSTNCLF1R17</isin>
      <codativo>210100</codativo>
      <cusip></cusip>
      <dtemissao>20000701</dtemissao>
      <dtoperacao>20170511</dtoperacao>
      <dtvencimento>20190301</dtvencimento>
      <qtdisponivel>3.000000000</qtdisponivel>
      <qtgarantia>0.000000000</qtgarantia>
      <depgar>0</depgar>
      <pucompra>8794.30000000</pucompra>
      <puvencimento>0.00000000</puvencimento>
      <puposicao>9176.02000000</puposicao>
      <puemissao>1000.00000000</puemissao>
      <principal>26382.90</principal>
      <tributos>0.00</tributos>
      <valorfindisp>27528.06</valorfindisp>
      <valorfinemgar>0.00</valorfinemgar>
      <coupom>0.00</coupom>
      <indexador>DI1</indexador>
      <percindex>100.00</percindex>
      <caracteristica>N</caracteristica>
      <percprovcred>0.00</percprovcred>
      <classeoperacao>C</classeoperacao>
      <idinternoativo>LFT01032019</idinternoativo>
      <nivelrsc></nivelrsc>
   </titpublico>
   <titpublico>
      <isin>BRSTNCLF1R25</isin>
      <codativo>210100</codativo>
      <cusip></cusip>
      <dtemissao>20000701</dtemissao>
      <dtoperacao>20170413</dtoperacao>
      <dtvencimento>20200301</dtvencimento>
      <qtdisponivel>2.000000000</qtdisponivel>
      <qtgarantia>0.000000000</qtgarantia>
      <depgar>0</depgar>
      <pucompra>8727.41500000</pucompra>
      <puvencimento>0.00000000</puvencimento>
      <puposicao>9175.66000000</puposicao>
      <puemissao>1000.00000000</puemissao>
      <principal>17454.83</principal>
      <tributos>0.00</tributos>
      <valorfindisp>18351.32</valorfindisp>
      <valorfinemgar>0.00</valorfinemgar>
      <coupom>0.00</coupom>
      <indexador>DI1</indexador>
      <percindex>100.00</percindex>
      <caracteristica>N</caracteristica>
      <percprovcred>0.00</percprovcred>
      <classeoperacao>C</classeoperacao>
      <idinternoativo>LFT01032020</idinternoativo>
      <nivelrsc></nivelrsc>
   </titpublico>
   <titpublico>
      <isin>BRSTNCLF1R25</isin>
      <codativo>210100</codativo>
      <cusip></cusip>
      <dtemissao>20000701</dtemissao>
      <dtoperacao>20170511</dtoperacao>
      <dtvencimento>20200301</dtvencimento>
      <qtdisponivel>13.000000000</qtdisponivel>
      <qtgarantia>0.000000000</qtgarantia>
      <depgar>0</depgar>
      <pucompra>8789.50615385</pucompra>
      <puvencimento>0.00000000</puvencimento>
      <puposicao>9175.66230769</puposicao>
      <puemissao>1000.00000000</puemissao>
      <principal>114263.58</principal>
      <tributos>0.00</tributos>
      <valorfindisp>119283.61</valorfindisp>
      <valorfinemgar>0.00</valorfinemgar>
      <coupom>0.00</coupom>
      <indexador>DI1</indexador>
      <percindex>100.00</percindex>
      <caracteristica>N</caracteristica>
      <percprovcred>0.00</percprovcred>
      <classeoperacao>C</classeoperacao>
      <idinternoativo>LFT01032020</idinternoativo>
      <nivelrsc></nivelrsc>
   </titpublico>
   <titpublico>
      <isin>BRSTNCLF1R25</isin>
      <codativo>210100</codativo>
      <cusip></cusip>
      <dtemissao>20000701</dtemissao>
      <dtoperacao>20170718</dtoperacao>
      <dtvencimento>20200301</dtvencimento>
      <qtdisponivel>3.000000000</qtdisponivel>
      <qtgarantia>0.000000000</qtgarantia>
      <depgar>0</depgar>
      <pucompra>8960.33666667</pucompra>
      <puvencimento>0.00000000</puvencimento>
      <puposicao>9175.66333333</puposicao>
      <puemissao>1000.00000000</puemissao>
      <principal>26881.01</principal>
      <tributos>0.00</tributos>
      <valorfindisp>27526.99</valorfindisp>
      <valorfinemgar>0.00</valorfinemgar>
      <coupom>0.00</coupom>
      <indexador>DI1</indexador>
      <percindex>100.00</percindex>
      <caracteristica>N</caracteristica>
      <percprovcred>0.00</percprovcred>
      <classeoperacao>C</classeoperacao>
      <idinternoativo>LFT01032020</idinternoativo>
      <nivelrsc></nivelrsc>
   </titpublico>
   <titpublico>
      <isin>BRSTNCLF1R25</isin>
      <codativo>210100</codativo>
      <cusip></cusip>
      <dtemissao>20000701</dtemissao>
      <dtoperacao>20170831</dtoperacao>
      <dtvencimento>20200301</dtvencimento>
      <qtdisponivel>1.000000000</qtdisponivel>
      <qtgarantia>0.000000000</qtgarantia>
      <depgar>0</depgar>
      <pucompra>9063.25000000</pucompra>
      <puvencimento>0.00000000</puvencimento>
      <puposicao>9175.66000000</puposicao>
      <puemissao>1000.00000000</puemissao>
      <principal>9063.25</principal>
      <tributos>0.00</tributos>
      <valorfindisp>9175.66</valorfindisp>
      <valorfinemgar>0.00</valorfinemgar>
      <coupom>0.00</coupom>
      <indexador>DI1</indexador>
      <percindex>100.00</percindex>
      <caracteristica>N</caracteristica>
      <percprovcred>0.00</percprovcred>
      <classeoperacao>C</classeoperacao>
      <idinternoativo>LFT01032020</idinternoativo>
      <nivelrsc></nivelrsc>
   </titpublico>
   <titpublico>
      <isin>BRSTNCLF1R66</isin>
      <codativo>210100</codativo>
      <cusip></cusip>
      <dtemissao>20000701</dtemissao>
      <dtoperacao>20170628</dtoperacao>
      <dtvencimento>20220301</dtvencimento>
      <qtdisponivel>16.000000000</qtdisponivel>
      <qtgarantia>0.000000000</qtgarantia>
      <depgar>0</depgar>
      <pucompra>8908.48882353</pucompra>
      <puvencimento>0.00000000</puvencimento>
      <puposicao>9174.57937500</puposicao>
      <puemissao>1000.00000000</puemissao>
      <principal>142535.82</principal>
      <tributos>0.00</tributos>
      <valorfindisp>146793.27</valorfindisp>
      <valorfinemgar>0.00</valorfinemgar>
      <coupom>0.00</coupom>
      <indexador>DI1</indexador>
      <percindex>100.00</percindex>
      <caracteristica>N</caracteristica>
      <percprovcred>0.00</percprovcred>
      <classeoperacao>C</classeoperacao>
      <idinternoativo>LFT01032022</idinternoativo>
      <nivelrsc></nivelrsc>
   </titpublico>
   <titpublico>
      <isin>BRSTNCLF1R66</isin>
      <codativo>210100</codativo>
      <cusip></cusip>
      <dtemissao>20000701</dtemissao>
      <dtoperacao>20170629</dtoperacao>
      <dtvencimento>20220301</dtvencimento>
      <qtdisponivel>8.000000000</qtdisponivel>
      <qtgarantia>0.000000000</qtgarantia>
      <depgar>0</depgar>
      <pucompra>8911.91125000</pucompra>
      <puvencimento>0.00000000</puvencimento>
      <puposicao>9174.57875000</puposicao>
      <puemissao>1000.00000000</puemissao>
      <principal>71295.29</principal>
      <tributos>0.00</tributos>
      <valorfindisp>73396.63</valorfindisp>
      <valorfinemgar>0.00</valorfinemgar>
      <coupom>0.00</coupom>
      <indexador>DI1</indexador>
      <percindex>100.00</percindex>
      <caracteristica>N</caracteristica>
      <percprovcred>0.00</percprovcred>
      <classeoperacao>C</classeoperacao>
      <idinternoativo>LFT01032022</idinternoativo>
      <nivelrsc></nivelrsc>
   </titpublico>
   <titpublico>
      <isin>BRSTNCLF1R66</isin>
      <codativo>210100</codativo>
      <cusip></cusip>
      <dtemissao>20000701</dtemissao>
      <dtoperacao>20170731</dtoperacao>
      <dtvencimento>20220301</dtvencimento>
      <qtdisponivel>24.000000000</qtdisponivel>
      <qtgarantia>0.000000000</qtgarantia>
      <depgar>0</depgar>
      <pucompra>8988.61500000</pucompra>
      <puvencimento>0.00000000</puvencimento>
      <puposicao>9174.57916667</puposicao>
      <puemissao>1000.00000000</puemissao>
      <principal>215726.76</principal>
      <tributos>0.00</tributos>
      <valorfindisp>220189.90</valorfindisp>
      <valorfinemgar>0.00</valorfinemgar>
      <coupom>0.00</coupom>
      <indexador>DI1</indexador>
      <percindex>100.00</percindex>
      <caracteristica>N</caracteristica>
      <percprovcred>0.00</percprovcred>
      <classeoperacao>C</classeoperacao>
      <idinternoativo>LFT01032022</idinternoativo>
      <nivelrsc></nivelrsc>
   </titpublico>
   <titpublico>
      <isin>BRSTNCLF1R66</isin>
      <codativo>210100</codativo>
      <cusip></cusip>
      <dtemissao>20000701</dtemissao>
      <dtoperacao>20170817</dtoperacao>
      <dtvencimento>20220301</dtvencimento>
      <qtdisponivel>3.000000000</qtdisponivel>
      <qtgarantia>0.000000000</qtgarantia>
      <depgar>0</depgar>
      <pucompra>9029.68333333</pucompra>
      <puvencimento>0.00000000</puvencimento>
      <puposicao>9174.58000000</puposicao>
      <puemissao>1000.00000000</puemissao>
      <principal>27089.05</principal>
      <tributos>0.00</tributos>
      <valorfindisp>27523.74</valorfindisp>
      <valorfinemgar>0.00</valorfinemgar>
      <coupom>0.00</coupom>
      <indexador>DI1</indexador>
      <percindex>100.00</percindex>
      <caracteristica>N</caracteristica>
      <percprovcred>0.00</percprovcred>
      <classeoperacao>C</classeoperacao>
      <idinternoativo>LFT01032022</idinternoativo>
      <nivelrsc></nivelrsc>
   </titpublico>
   <titpublico>
      <isin>BRSTNCLF1R66</isin>
      <codativo>210100</codativo>
      <cusip></cusip>
      <dtemissao>20000701</dtemissao>
      <dtoperacao>20170829</dtoperacao>
      <dtvencimento>20220301</dtvencimento>
      <qtdisponivel>22.000000000</qtdisponivel>
      <qtgarantia>0.000000000</qtgarantia>
      <depgar>0</depgar>
      <pucompra>9054.49954546</pucompra>
      <puvencimento>0.00000000</puvencimento>
      <puposicao>9174.57909091</puposicao>
      <puemissao>1000.00000000</puemissao>
      <principal>199198.99</principal>
      <tributos>0.00</tributos>
      <valorfindisp>201840.74</valorfindisp>
      <valorfinemgar>0.00</valorfinemgar>
      <coupom>0.00</coupom>
      <indexador>DI1</indexador>
      <percindex>100.00</percindex>
      <caracteristica>N</caracteristica>
      <percprovcred>0.00</percprovcred>
      <classeoperacao>C</classeoperacao>
      <idinternoativo>LFT01032022</idinternoativo>
      <nivelrsc></nivelrsc>
   </titpublico>
   <titpublico>
      <isin>BRSTNCLF1R66</isin>
      <codativo>210100</codativo>
      <cusip></cusip>
      <dtemissao>20000701</dtemissao>
      <dtoperacao>20170928</dtoperacao>
      <dtvencimento>20220301</dtvencimento>
      <qtdisponivel>16.000000000</qtdisponivel>
      <qtgarantia>0.000000000</qtgarantia>
      <depgar>0</depgar>
      <pucompra>9117.72000000</pucompra>
      <puvencimento>0.00000000</puvencimento>
      <puposicao>9174.57937500</puposicao>
      <puemissao>1000.00000000</puemissao>
      <principal>145883.52</principal>
      <tributos>0.00</tributos>
      <valorfindisp>146793.27</valorfindisp>
      <valorfinemgar>0.00</valorfinemgar>
      <coupom>0.00</coupom>
      <indexador>DI1</indexador>
      <percindex>100.00</percindex>
      <caracteristica>N</caracteristica>
      <percprovcred>0.00</percprovcred>
      <classeoperacao>C</classeoperacao>
      <idinternoativo>LFT01032022</idinternoativo>
      <nivelrsc></nivelrsc>
   </titpublico>
   <titpublico>
      <isin>BRSTNCLF1R66</isin>
      <codativo>210100</codativo>
      <cusip></cusip>
      <dtemissao>20000701</dtemissao>
      <dtoperacao>20171003</dtoperacao>
      <dtvencimento>20220301</dtvencimento>
      <qtdisponivel>7.000000000</qtdisponivel>
      <qtgarantia>0.000000000</qtgarantia>
      <depgar>0</depgar>
      <pucompra>9126.73714286</pucompra>
      <puvencimento>0.00000000</puvencimento>
      <puposicao>9174.57857143</puposicao>
      <puemissao>1000.00000000</puemissao>
      <principal>63887.16</principal>
      <tributos>0.00</tributos>
      <valorfindisp>64222.05</valorfindisp>
      <valorfinemgar>0.00</valorfinemgar>
      <coupom>0.00</coupom>
      <indexador>DI1</indexador>
      <percindex>100.00</percindex>
      <caracteristica>N</caracteristica>
      <percprovcred>0.00</percprovcred>
      <classeoperacao>C</classeoperacao>
      <idinternoativo>LFT01032022</idinternoativo>
      <nivelrsc></nivelrsc>
   </titpublico>
   <titpublico>
      <isin>BRSTNCLF1R66</isin>
      <codativo>210100</codativo>
      <cusip></cusip>
      <dtemissao>20000701</dtemissao>
      <dtoperacao>20171018</dtoperacao>
      <dtvencimento>20220301</dtvencimento>
      <qtdisponivel>3.000000000</qtdisponivel>
      <qtgarantia>0.000000000</qtgarantia>
      <depgar>0</depgar>
      <pucompra>9155.50333333</pucompra>
      <puvencimento>0.00000000</puvencimento>
      <puposicao>9174.58000000</puposicao>
      <puemissao>1000.00000000</puemissao>
      <principal>27466.51</principal>
      <tributos>0.00</tributos>
      <valorfindisp>27523.74</valorfindisp>
      <valorfinemgar>0.00</valorfinemgar>
      <coupom>0.00</coupom>
      <indexador>DI1</indexador>
      <percindex>100.00</percindex>
      <caracteristica>N</caracteristica>
      <percprovcred>0.00</percprovcred>
      <classeoperacao>C</classeoperacao>
      <idinternoativo>LFT01032022</idinternoativo>
      <nivelrsc></nivelrsc>
   </titpublico>
   <titpublico>
      <isin>BRSTNCLF1R66</isin>
      <codativo>210100</codativo>
      <cusip></cusip>
      <dtemissao>20000701</dtemissao>
      <dtoperacao>20171027</dtoperacao>
      <dtvencimento>20220301</dtvencimento>
      <qtdisponivel>15.000000000</qtdisponivel>
      <qtgarantia>0.000000000</qtgarantia>
      <depgar>0</depgar>
      <pucompra>9175.20466667</pucompra>
      <puvencimento>0.00000000</puvencimento>
      <puposicao>9174.57933333</puposicao>
      <puemissao>1000.00000000</puemissao>
      <principal>137628.07</principal>
      <tributos>0.00</tributos>
      <valorfindisp>137618.69</valorfindisp>
      <valorfinemgar>0.00</valorfinemgar>
      <coupom>0.00</coupom>
      <indexador>DI1</indexador>
      <percindex>100.00</percindex>
      <caracteristica>N</caracteristica>
      <percprovcred>0.00</percprovcred>
      <classeoperacao>C</classeoperacao>
      <idinternoativo>LFT01032022</idinternoativo>
      <nivelrsc></nivelrsc>
   </titpublico>
   <titpublico>
      <isin>BRSTNCLF1R82</isin>
      <codativo>210100</codativo>
      <cusip></cusip>
      <dtemissao>20000701</dtemissao>
      <dtoperacao>20170921</dtoperacao>
      <dtvencimento>20230301</dtvencimento>
      <qtdisponivel>2.000000000</qtdisponivel>
      <qtgarantia>0.000000000</qtgarantia>
      <depgar>0</depgar>
      <pucompra>9102.50500000</pucompra>
      <puvencimento>0.00000000</puvencimento>
      <puposicao>9174.35000000</puposicao>
      <puemissao>1000.00000000</puemissao>
      <principal>18205.01</principal>
      <tributos>0.00</tributos>
      <valorfindisp>18348.70</valorfindisp>
      <valorfinemgar>0.00</valorfinemgar>
      <coupom>0.00</coupom>
      <indexador>DI1</indexador>
      <percindex>100.00</percindex>
      <caracteristica>N</caracteristica>
      <percprovcred>0.00</percprovcred>
      <classeoperacao>C</classeoperacao>
      <idinternoativo>LFT01032023</idinternoativo>
      <nivelrsc></nivelrsc>
   </titpublico>
   <titpublico>
      <isin>BRSTNCLF1R33</isin>
      <codativo>210100</codativo>
      <cusip></cusip>
      <dtemissao>20000701</dtemissao>
      <dtoperacao>20170313</dtoperacao>
      <dtvencimento>20200901</dtvencimento>
      <qtdisponivel>7.000000000</qtdisponivel>
      <qtgarantia>0.000000000</qtgarantia>
      <depgar>0</depgar>
      <pucompra>8633.65000000</pucompra>
      <puvencimento>0.00000000</puvencimento>
      <puposicao>9175.44142857</puposicao>
      <puemissao>1000.00000000</puemissao>
      <principal>60435.55</principal>
      <tributos>0.00</tributos>
      <valorfindisp>64228.09</valorfindisp>
      <valorfinemgar>0.00</valorfinemgar>
      <coupom>0.00</coupom>
      <indexador>DI1</indexador>
      <percindex>100.00</percindex>
      <caracteristica>N</caracteristica>
      <percprovcred>0.00</percprovcred>
      <classeoperacao>C</classeoperacao>
      <idinternoativo>LFT01092020</idinternoativo>
      <nivelrsc></nivelrsc>
   </titpublico>
   <titpublico>
      <isin>BRSTNCLF1R33</isin>
      <codativo>210100</codativo>
      <cusip></cusip>
      <dtemissao>20000701</dtemissao>
      <dtoperacao>20170509</dtoperacao>
      <dtvencimento>20200901</dtvencimento>
      <qtdisponivel>4.000000000</qtdisponivel>
      <qtgarantia>0.000000000</qtgarantia>
      <depgar>0</depgar>
      <pucompra>8781.41238095</pucompra>
      <puvencimento>0.00000000</puvencimento>
      <puposicao>9175.44250000</puposicao>
      <puemissao>1000.00000000</puemissao>
      <principal>35125.65</principal>
      <tributos>0.00</tributos>
      <valorfindisp>36701.77</valorfindisp>
      <valorfinemgar>0.00</valorfinemgar>
      <coupom>0.00</coupom>
      <indexador>DI1</indexador>
      <percindex>100.00</percindex>
      <caracteristica>N</caracteristica>
      <percprovcred>0.00</percprovcred>
      <classeoperacao>C</classeoperacao>
      <idinternoativo>LFT01092020</idinternoativo>
      <nivelrsc></nivelrsc>
   </titpublico>
   <titpublico>
      <isin>BRSTNCLF1R33</isin>
      <codativo>210100</codativo>
      <cusip></cusip>
      <dtemissao>20000701</dtemissao>
      <dtoperacao>20170509</dtoperacao>
      <dtvencimento>20200901</dtvencimento>
      <qtdisponivel>1.000000000</qtdisponivel>
      <qtgarantia>0.000000000</qtgarantia>
      <depgar>0</depgar>
      <pucompra>8781.41000000</pucompra>
      <puvencimento>0.00000000</puvencimento>
      <puposicao>9175.44000000</puposicao>
      <puemissao>1000.00000000</puemissao>
      <principal>8781.41</principal>
      <tributos>0.00</tributos>
      <valorfindisp>9175.44</valorfindisp>
      <valorfinemgar>0.00</valorfinemgar>
      <coupom>0.00</coupom>
      <indexador>DI1</indexador>
      <percindex>100.00</percindex>
      <caracteristica>N</caracteristica>
      <percprovcred>0.00</percprovcred>
      <classeoperacao>C</classeoperacao>
      <idinternoativo>LFT01092020</idinternoativo>
      <nivelrsc></nivelrsc>
   </titpublico>
   <titpublico>
      <isin>BRSTNCLF1R33</isin>
      <codativo>210100</codativo>
      <cusip></cusip>
      <dtemissao>20000701</dtemissao>
      <dtoperacao>20170519</dtoperacao>
      <dtvencimento>20200901</dtvencimento>
      <qtdisponivel>2.000000000</qtdisponivel>
      <qtgarantia>0.000000000</qtgarantia>
      <depgar>0</depgar>
      <pucompra>8810.02500000</pucompra>
      <puvencimento>0.00000000</puvencimento>
      <puposicao>9175.44000000</puposicao>
      <puemissao>1000.00000000</puemissao>
      <principal>17620.05</principal>
      <tributos>0.00</tributos>
      <valorfindisp>18350.88</valorfindisp>
      <valorfinemgar>0.00</valorfinemgar>
      <coupom>0.00</coupom>
      <indexador>DI1</indexador>
      <percindex>100.00</percindex>
      <caracteristica>N</caracteristica>
      <percprovcred>0.00</percprovcred>
      <classeoperacao>C</classeoperacao>
      <idinternoativo>LFT01092020</idinternoativo>
      <nivelrsc></nivelrsc>
   </titpublico>
   <titpublico>
      <isin>BRSTNCLF1R33</isin>
      <codativo>210100</codativo>
      <cusip></cusip>
      <dtemissao>20000701</dtemissao>
      <dtoperacao>20170530</dtoperacao>
      <dtvencimento>20200901</dtvencimento>
      <qtdisponivel>26.000000000</qtdisponivel>
      <qtgarantia>0.000000000</qtgarantia>
      <depgar>0</depgar>
      <pucompra>8837.47846154</pucompra>
      <puvencimento>0.00000000</puvencimento>
      <puposicao>9175.44192308</puposicao>
      <puemissao>1000.00000000</puemissao>
      <principal>229774.44</principal>
      <tributos>0.00</tributos>
      <valorfindisp>238561.49</valorfindisp>
      <valorfinemgar>0.00</valorfinemgar>
      <coupom>0.00</coupom>
      <indexador>DI1</indexador>
      <percindex>100.00</percindex>
      <caracteristica>N</caracteristica>
      <percprovcred>0.00</percprovcred>
      <classeoperacao>C</classeoperacao>
      <idinternoativo>LFT01092020</idinternoativo>
      <nivelrsc></nivelrsc>
   </titpublico>
   <titpublico>
      <isin>BRSTNCLF1R33</isin>
      <codativo>210100</codativo>
      <cusip></cusip>
      <dtemissao>20000701</dtemissao>
      <dtoperacao>20170608</dtoperacao>
      <dtvencimento>20200901</dtvencimento>
      <qtdisponivel>2.000000000</qtdisponivel>
      <qtgarantia>0.000000000</qtgarantia>
      <depgar>0</depgar>
      <pucompra>8861.69000000</pucompra>
      <puvencimento>0.00000000</puvencimento>
      <puposicao>9175.44000000</puposicao>
      <puemissao>1000.00000000</puemissao>
      <principal>17723.38</principal>
      <tributos>0.00</tributos>
      <valorfindisp>18350.88</valorfindisp>
      <valorfinemgar>0.00</valorfinemgar>
      <coupom>0.00</coupom>
      <indexador>DI1</indexador>
      <percindex>100.00</percindex>
      <caracteristica>N</caracteristica>
      <percprovcred>0.00</percprovcred>
      <classeoperacao>C</classeoperacao>
      <idinternoativo>LFT01092020</idinternoativo>
      <nivelrsc></nivelrsc>
   </titpublico>
   <titpublico>
      <isin>BRSTNCLF1R33</isin>
      <codativo>210100</codativo>
      <cusip></cusip>
      <dtemissao>20000701</dtemissao>
      <dtoperacao>20170808</dtoperacao>
      <dtvencimento>20200901</dtvencimento>
      <qtdisponivel>1.000000000</qtdisponivel>
      <qtgarantia>0.000000000</qtgarantia>
      <depgar>0</depgar>
      <pucompra>9008.60000000</pucompra>
      <puvencimento>0.00000000</puvencimento>
      <puposicao>9175.44000000</puposicao>
      <puemissao>1000.00000000</puemissao>
      <principal>9008.60</principal>
      <tributos>0.00</tributos>
      <valorfindisp>9175.44</valorfindisp>
      <valorfinemgar>0.00</valorfinemgar>
      <coupom>0.00</coupom>
      <indexador>DI1</indexador>
      <percindex>100.00</percindex>
      <caracteristica>N</caracteristica>
      <percprovcred>0.00</percprovcred>
      <classeoperacao>C</classeoperacao>
      <idinternoativo>LFT01092020</idinternoativo>
      <nivelrsc></nivelrsc>
   </titpublico>
   <titpublico>
      <isin>BRSTNCLF1R58</isin>
      <codativo>210100</codativo>
      <cusip></cusip>
      <dtemissao>20000701</dtemissao>
      <dtoperacao>20170328</dtoperacao>
      <dtvencimento>20210901</dtvencimento>
      <qtdisponivel>5.000000000</qtdisponivel>
      <qtgarantia>0.000000000</qtgarantia>
      <depgar>0</depgar>
      <pucompra>8666.96571429</pucompra>
      <puvencimento>0.00000000</puvencimento>
      <puposicao>9174.76200000</puposicao>
      <puemissao>1000.00000000</puemissao>
      <principal>43334.83</principal>
      <tributos>0.00</tributos>
      <valorfindisp>45873.81</valorfindisp>
      <valorfinemgar>0.00</valorfinemgar>
      <coupom>0.00</coupom>
      <indexador>DI1</indexador>
      <percindex>100.00</percindex>
      <caracteristica>N</caracteristica>
      <percprovcred>0.00</percprovcred>
      <classeoperacao>C</classeoperacao>
      <idinternoativo>LFT01092021</idinternoativo>
      <nivelrsc></nivelrsc>
   </titpublico>
   <titpublico>
      <isin>BRSTNCLF1R58</isin>
      <codativo>210100</codativo>
      <cusip></cusip>
      <dtemissao>20000701</dtemissao>
      <dtoperacao>20170329</dtoperacao>
      <dtvencimento>20210901</dtvencimento>
      <qtdisponivel>10.000000000</qtdisponivel>
      <qtgarantia>0.000000000</qtgarantia>
      <depgar>0</depgar>
      <pucompra>8670.96000000</pucompra>
      <puvencimento>0.00000000</puvencimento>
      <puposicao>9174.76300000</puposicao>
      <puemissao>1000.00000000</puemissao>
      <principal>86709.60</principal>
      <tributos>0.00</tributos>
      <valorfindisp>91747.63</valorfindisp>
      <valorfinemgar>0.00</valorfinemgar>
      <coupom>0.00</coupom>
      <indexador>DI1</indexador>
      <percindex>100.00</percindex>
      <caracteristica>N</caracteristica>
      <percprovcred>0.00</percprovcred>
      <classeoperacao>C</classeoperacao>
      <idinternoativo>LFT01092021</idinternoativo>
      <nivelrsc></nivelrsc>
   </titpublico>
   <titpublico>
      <isin>BRSTNCLF1R58</isin>
      <codativo>210100</codativo>
      <cusip></cusip>
      <dtemissao>20000701</dtemissao>
      <dtoperacao>20170329</dtoperacao>
      <dtvencimento>20210901</dtvencimento>
      <qtdisponivel>10.000000000</qtdisponivel>
      <qtgarantia>0.000000000</qtgarantia>
      <depgar>0</depgar>
      <pucompra>8670.96000000</pucompra>
      <puvencimento>0.00000000</puvencimento>
      <puposicao>9174.76300000</puposicao>
      <puemissao>1000.00000000</puemissao>
      <principal>86709.60</principal>
      <tributos>0.00</tributos>
      <valorfindisp>91747.63</valorfindisp>
      <valorfinemgar>0.00</valorfinemgar>
      <coupom>0.00</coupom>
      <indexador>DI1</indexador>
      <percindex>100.00</percindex>
      <caracteristica>N</caracteristica>
      <percprovcred>0.00</percprovcred>
      <classeoperacao>C</classeoperacao>
      <idinternoativo>LFT01092021</idinternoativo>
      <nivelrsc></nivelrsc>
   </titpublico>
   <titpublico>
      <isin>BRSTNCLF1R58</isin>
      <codativo>210100</codativo>
      <cusip></cusip>
      <dtemissao>20000701</dtemissao>
      <dtoperacao>20170330</dtoperacao>
      <dtvencimento>20210901</dtvencimento>
      <qtdisponivel>2.000000000</qtdisponivel>
      <qtgarantia>0.000000000</qtgarantia>
      <depgar>0</depgar>
      <pucompra>8675.08500000</pucompra>
      <puvencimento>0.00000000</puvencimento>
      <puposicao>9174.76500000</puposicao>
      <puemissao>1000.00000000</puemissao>
      <principal>17350.17</principal>
      <tributos>0.00</tributos>
      <valorfindisp>18349.53</valorfindisp>
      <valorfinemgar>0.00</valorfinemgar>
      <coupom>0.00</coupom>
      <indexador>DI1</indexador>
      <percindex>100.00</percindex>
      <caracteristica>N</caracteristica>
      <percprovcred>0.00</percprovcred>
      <classeoperacao>C</classeoperacao>
      <idinternoativo>LFT01092021</idinternoativo>
      <nivelrsc></nivelrsc>
   </titpublico>
   <titpublico>
      <isin>BRSTNCLF1R58</isin>
      <codativo>210100</codativo>
      <cusip></cusip>
      <dtemissao>20000701</dtemissao>
      <dtoperacao>20170508</dtoperacao>
      <dtvencimento>20210901</dtvencimento>
      <qtdisponivel>4.000000000</qtdisponivel>
      <qtgarantia>0.000000000</qtgarantia>
      <depgar>0</depgar>
      <pucompra>8765.77250000</pucompra>
      <puvencimento>0.00000000</puvencimento>
      <puposicao>9174.76250000</puposicao>
      <puemissao>1000.00000000</puemissao>
      <principal>35063.09</principal>
      <tributos>0.00</tributos>
      <valorfindisp>36699.05</valorfindisp>
      <valorfinemgar>0.00</valorfinemgar>
      <coupom>0.00</coupom>
      <indexador>DI1</indexador>
      <percindex>100.00</percindex>
      <caracteristica>N</caracteristica>
      <percprovcred>0.00</percprovcred>
      <classeoperacao>C</classeoperacao>
      <idinternoativo>LFT01092021</idinternoativo>
      <nivelrsc></nivelrsc>
   </titpublico>
   <titpublico>
      <isin>BRSNTNCLF1R7</isin>
      <codativo>210100</codativo>
      <cusip></cusip>
      <dtemissao>20000701</dtemissao>
      <dtoperacao>20170302</dtoperacao>
      <dtvencimento>20220901</dtvencimento>
      <qtdisponivel>18.000000000</qtdisponivel>
      <qtgarantia>0.000000000</qtgarantia>
      <depgar>0</depgar>
      <pucompra>8588.97250000</pucompra>
      <puvencimento>0.00000000</puvencimento>
      <puposicao>9174.46888889</puposicao>
      <puemissao>1000.00000000</puemissao>
      <principal>154601.51</principal>
      <tributos>0.00</tributos>
      <valorfindisp>165140.44</valorfindisp>
      <valorfinemgar>0.00</valorfinemgar>
      <coupom>0.00</coupom>
      <indexador>DI1</indexador>
      <percindex>100.00</percindex>
      <caracteristica>N</caracteristica>
      <percprovcred>0.00</percprovcred>
      <classeoperacao>C</classeoperacao>
      <idinternoativo>LFT01092022</idinternoativo>
      <nivelrsc></nivelrsc>
   </titpublico>
   <titpublico>
      <isin>BRSNTNCLF1R7</isin>
      <codativo>210100</codativo>
      <cusip></cusip>
      <dtemissao>20000701</dtemissao>
      <dtoperacao>20170307</dtoperacao>
      <dtvencimento>20220901</dtvencimento>
      <qtdisponivel>3.000000000</qtdisponivel>
      <qtgarantia>0.000000000</qtgarantia>
      <depgar>0</depgar>
      <pucompra>8599.41000000</pucompra>
      <puvencimento>0.00000000</puvencimento>
      <puposicao>9174.47000000</puposicao>
      <puemissao>1000.00000000</puemissao>
      <principal>25798.23</principal>
      <tributos>0.00</tributos>
      <valorfindisp>27523.41</valorfindisp>
      <valorfinemgar>0.00</valorfinemgar>
      <coupom>0.00</coupom>
      <indexador>DI1</indexador>
      <percindex>100.00</percindex>
      <caracteristica>N</caracteristica>
      <percprovcred>0.00</percprovcred>
      <classeoperacao>C</classeoperacao>
      <idinternoativo>LFT01092022</idinternoativo>
      <nivelrsc></nivelrsc>
   </titpublico>
   <titpublico>
      <isin>BRSNTNCLF1R7</isin>
      <codativo>210100</codativo>
      <cusip></cusip>
      <dtemissao>20000701</dtemissao>
      <dtoperacao>20170419</dtoperacao>
      <dtvencimento>20220901</dtvencimento>
      <qtdisponivel>1.000000000</qtdisponivel>
      <qtgarantia>0.000000000</qtgarantia>
      <depgar>0</depgar>
      <pucompra>8716.67500000</pucompra>
      <puvencimento>0.00000000</puvencimento>
      <puposicao>9174.47000000</puposicao>
      <puemissao>1000.00000000</puemissao>
      <principal>8716.68</principal>
      <tributos>0.00</tributos>
      <valorfindisp>9174.47</valorfindisp>
      <valorfinemgar>0.00</valorfinemgar>
      <coupom>0.00</coupom>
      <indexador>DI1</indexador>
      <percindex>100.00</percindex>
      <caracteristica>N</caracteristica>
      <percprovcred>0.00</percprovcred>
      <classeoperacao>C</classeoperacao>
      <idinternoativo>LFT01092022</idinternoativo>
      <nivelrsc></nivelrsc>
   </titpublico>
   <titpublico>
      <isin>BRSNTNCLF1R7</isin>
      <codativo>210100</codativo>
      <cusip></cusip>
      <dtemissao>20000701</dtemissao>
      <dtoperacao>20170914</dtoperacao>
      <dtvencimento>20220901</dtvencimento>
      <qtdisponivel>1.000000000</qtdisponivel>
      <qtgarantia>0.000000000</qtgarantia>
      <depgar>0</depgar>
      <pucompra>9084.84000000</pucompra>
      <puvencimento>0.00000000</puvencimento>
      <puposicao>9174.47000000</puposicao>
      <puemissao>1000.00000000</puemissao>
      <principal>9084.84</principal>
      <tributos>0.00</tributos>
      <valorfindisp>9174.47</valorfindisp>
      <valorfinemgar>0.00</valorfinemgar>
      <coupom>0.00</coupom>
      <indexador>DI1</indexador>
      <percindex>100.00</percindex>
      <caracteristica>N</caracteristica>
      <percprovcred>0.00</percprovcred>
      <classeoperacao>C</classeoperacao>
      <idinternoativo>LFT01092022</idinternoativo>
      <nivelrsc></nivelrsc>
   </titpublico>
   <debenture>
      <isin>BRCSDCDBS013</isin>
      <coddeb>CSDC12</coddeb>
      <debconv>N</debconv>
      <debpartlucro>N</debpartlucro>
      <SPE>N</SPE>
      <cusip></cusip>
      <dtemissao>20140528</dtemissao>
      <dtoperacao>20170302</dtoperacao>
      <dtvencimento>20171128</dtvencimento>
      <cnpjemissor>46948287000187</cnpjemissor>
      <qtdisponivel>9.000000000</qtdisponivel>
      <qtgarantia>0.000000000</qtgarantia>
      <depgar>0</depgar>
      <pucompra>100000.00000000</pucompra>
      <puvencimento>999.99999990</puvencimento>
      <puposicao>8410.97429986</puposicao>
      <puemissao>100000.00000000</puemissao>
      <principal>900000.00</principal>
      <tributos>0.00</tributos>
      <valorfindisp>75698.77</valorfindisp>
      <valorfinemgar>0.00</valorfinemgar>
      <coupom>0.00</coupom>
      <indexador>DI1</indexador>
      <percindex>150.00</percindex>
      <caracteristica>N</caracteristica>
      <percprovcred>0.00</percprovcred>
      <classeoperacao>C</classeoperacao>
      <idinternoativo>CSDC12</idinternoativo>
      <nivelrsc></nivelrsc>
   </debenture>
   <debenture>
      <isin>BRCSDCDBS013</isin>
      <coddeb>CSDC12</coddeb>
      <debconv>N</debconv>
      <debpartlucro>N</debpartlucro>
      <SPE>N</SPE>
      <cusip></cusip>
      <dtemissao>20140528</dtemissao>
      <dtoperacao>20170302</dtoperacao>
      <dtvencimento>20171128</dtvencimento>
      <cnpjemissor>46948287000187</cnpjemissor>
      <qtdisponivel>5.000000000</qtdisponivel>
      <qtgarantia>0.000000000</qtgarantia>
      <depgar>0</depgar>
      <pucompra>71537.33400000</pucompra>
      <puvencimento>999.99999990</puvencimento>
      <puposicao>8410.97429986</puposicao>
      <puemissao>100000.00000000</puemissao>
      <principal>357686.67</principal>
      <tributos>0.00</tributos>
      <valorfindisp>42054.87</valorfindisp>
      <valorfinemgar>0.00</valorfinemgar>
      <coupom>0.00</coupom>
      <indexador>DI1</indexador>
      <percindex>150.00</percindex>
      <caracteristica>N</caracteristica>
      <percprovcred>0.00</percprovcred>
      <classeoperacao>C</classeoperacao>
      <idinternoativo>CSDC12</idinternoativo>
      <nivelrsc></nivelrsc>
   </debenture>
   <debenture>
      <isin>BRCSDCDBS013</isin>
      <coddeb>CSDC12</coddeb>
      <debconv>N</debconv>
      <debpartlucro>N</debpartlucro>
      <SPE>N</SPE>
      <cusip></cusip>
      <dtemissao>20140528</dtemissao>
      <dtoperacao>20170302</dtoperacao>
      <dtvencimento>20171128</dtvencimento>
      <cnpjemissor>46948287000187</cnpjemissor>
      <qtdisponivel>1.000000000</qtdisponivel>
      <qtgarantia>0.000000000</qtgarantia>
      <depgar>0</depgar>
      <pucompra>41852.35000000</pucompra>
      <puvencimento>999.99999990</puvencimento>
      <puposicao>8410.97429986</puposicao>
      <puemissao>100000.00000000</puemissao>
      <principal>41852.35</principal>
      <tributos>0.00</tributos>
      <valorfindisp>8410.97</valorfindisp>
      <valorfinemgar>0.00</valorfinemgar>
      <coupom>0.00</coupom>
      <indexador>DI1</indexador>
      <percindex>150.00</percindex>
      <caracteristica>N</caracteristica>
      <percprovcred>0.00</percprovcred>
      <classeoperacao>C</classeoperacao>
      <idinternoativo>CSDC12</idinternoativo>
      <nivelrsc></nivelrsc>
   </debenture>
   <debenture>
      <isin>BRCSDCDBS021</isin>
      <coddeb>CSDC13</coddeb>
      <debconv>N</debconv>
      <debpartlucro>N</debpartlucro>
      <SPE>N</SPE>
      <cusip></cusip>
      <dtemissao>20150227</dtemissao>
      <dtoperacao>20170302</dtoperacao>
      <dtvencimento>20190227</dtvencimento>
      <cnpjemissor>46948287000187</cnpjemissor>
      <qtdisponivel>5.000000000</qtdisponivel>
      <qtgarantia>0.000000000</qtgarantia>
      <depgar>0</depgar>
      <pucompra>101227.99000000</pucompra>
      <puvencimento>999.99999990</puvencimento>
      <puposicao>53337.88532334</puposicao>
      <puemissao>100000.00000000</puemissao>
      <principal>506139.95</principal>
      <tributos>0.00</tributos>
      <valorfindisp>266689.43</valorfindisp>
      <valorfinemgar>0.00</valorfinemgar>
      <coupom>0.00</coupom>
      <indexador>DI1</indexador>
      <percindex>130.00</percindex>
      <caracteristica>N</caracteristica>
      <percprovcred>0.00</percprovcred>
      <classeoperacao>C</classeoperacao>
      <idinternoativo>CSDC13</idinternoativo>
      <nivelrsc></nivelrsc>
   </debenture>
   <debenture>
      <isin>BRCSDCDBS021</isin>
      <coddeb>CSDC13</coddeb>
      <debconv>N</debconv>
      <debpartlucro>N</debpartlucro>
      <SPE>N</SPE>
      <cusip></cusip>
      <dtemissao>20150227</dtemissao>
      <dtoperacao>20170302</dtoperacao>
      <dtvencimento>20190227</dtvencimento>
      <cnpjemissor>46948287000187</cnpjemissor>
      <qtdisponivel>5.000000000</qtdisponivel>
      <qtgarantia>0.000000000</qtgarantia>
      <depgar>0</depgar>
      <pucompra>97331.31000000</pucompra>
      <puvencimento>999.99999990</puvencimento>
      <puposicao>53337.88532334</puposicao>
      <puemissao>100000.00000000</puemissao>
      <principal>486656.55</principal>
      <tributos>0.00</tributos>
      <valorfindisp>266689.43</valorfindisp>
      <valorfinemgar>0.00</valorfinemgar>
      <coupom>0.00</coupom>
      <indexador>DI1</indexador>
      <percindex>130.00</percindex>
      <caracteristica>N</caracteristica>
      <percprovcred>0.00</percprovcred>
      <classeoperacao>C</classeoperacao>
      <idinternoativo>CSDC13</idinternoativo>
      <nivelrsc></nivelrsc>
   </debenture>
   <debenture>
      <isin>BRCSDCDBS021</isin>
      <coddeb>CSDC13</coddeb>
      <debconv>N</debconv>
      <debpartlucro>N</debpartlucro>
      <SPE>N</SPE>
      <cusip></cusip>
      <dtemissao>20150227</dtemissao>
      <dtoperacao>20170302</dtoperacao>
      <dtvencimento>20190227</dtvencimento>
      <cnpjemissor>46948287000187</cnpjemissor>
      <qtdisponivel>5.000000000</qtdisponivel>
      <qtgarantia>0.000000000</qtgarantia>
      <depgar>0</depgar>
      <pucompra>90502.59200000</pucompra>
      <puvencimento>999.99999990</puvencimento>
      <puposicao>53337.88532334</puposicao>
      <puemissao>100000.00000000</puemissao>
      <principal>452512.96</principal>
      <tributos>0.00</tributos>
      <valorfindisp>266689.43</valorfindisp>
      <valorfinemgar>0.00</valorfinemgar>
      <coupom>0.00</coupom>
      <indexador>DI1</indexador>
      <percindex>130.00</percindex>
      <caracteristica>N</caracteristica>
      <percprovcred>0.00</percprovcred>
      <classeoperacao>C</classeoperacao>
      <idinternoativo>CSDC13</idinternoativo>
      <nivelrsc></nivelrsc>
   </debenture>
   <debenture>
      <isin>BRCSDCDBS021</isin>
      <coddeb>CSDC13</coddeb>
      <debconv>N</debconv>
      <debpartlucro>N</debpartlucro>
      <SPE>N</SPE>
      <cusip></cusip>
      <dtemissao>20150227</dtemissao>
      <dtoperacao>20170302</dtoperacao>
      <dtvencimento>20190227</dtvencimento>
      <cnpjemissor>46948287000187</cnpjemissor>
      <qtdisponivel>3.000000000</qtdisponivel>
      <qtgarantia>0.000000000</qtgarantia>
      <depgar>0</depgar>
      <pucompra>86976.17666667</pucompra>
      <puvencimento>999.99999990</puvencimento>
      <puposicao>53337.88532334</puposicao>
      <puemissao>100000.00000000</puemissao>
      <principal>260928.53</principal>
      <tributos>0.00</tributos>
      <valorfindisp>160013.66</valorfindisp>
      <valorfinemgar>0.00</valorfinemgar>
      <coupom>0.00</coupom>
      <indexador>DI1</indexador>
      <percindex>130.00</percindex>
      <caracteristica>N</caracteristica>
      <percprovcred>0.00</percprovcred>
      <classeoperacao>C</classeoperacao>
      <idinternoativo>CSDC13</idinternoativo>
      <nivelrsc></nivelrsc>
   </debenture>
   <debenture>
      <isin>BRCSDCDBS021</isin>
      <coddeb>CSDC13</coddeb>
      <debconv>N</debconv>
      <debpartlucro>N</debpartlucro>
      <SPE>N</SPE>
      <cusip></cusip>
      <dtemissao>20150227</dtemissao>
      <dtoperacao>20170302</dtoperacao>
      <dtvencimento>20190227</dtvencimento>
      <cnpjemissor>46948287000187</cnpjemissor>
      <qtdisponivel>9.000000000</qtdisponivel>
      <qtgarantia>0.000000000</qtgarantia>
      <depgar>0</depgar>
      <pucompra>84264.17333333</pucompra>
      <puvencimento>999.99999990</puvencimento>
      <puposicao>53337.88532334</puposicao>
      <puemissao>100000.00000000</puemissao>
      <principal>758377.56</principal>
      <tributos>0.00</tributos>
      <valorfindisp>480040.97</valorfindisp>
      <valorfinemgar>0.00</valorfinemgar>
      <coupom>0.00</coupom>
      <indexador>DI1</indexador>
      <percindex>130.00</percindex>
      <caracteristica>N</caracteristica>
      <percprovcred>0.00</percprovcred>
      <classeoperacao>C</classeoperacao>
      <idinternoativo>CSDC13</idinternoativo>
      <nivelrsc></nivelrsc>
   </debenture>
   <debenture>
      <isin>BRCSDCDBS021</isin>
      <coddeb>CSDC13</coddeb>
      <debconv>N</debconv>
      <debpartlucro>N</debpartlucro>
      <SPE>N</SPE>
      <cusip></cusip>
      <dtemissao>20150227</dtemissao>
      <dtoperacao>20170302</dtoperacao>
      <dtvencimento>20190227</dtvencimento>
      <cnpjemissor>46948287000187</cnpjemissor>
      <qtdisponivel>2.000000000</qtdisponivel>
      <qtgarantia>0.000000000</qtgarantia>
      <depgar>0</depgar>
      <pucompra>83507.51500000</pucompra>
      <puvencimento>999.99999990</puvencimento>
      <puposicao>53337.88532334</puposicao>
      <puemissao>100000.00000000</puemissao>
      <principal>167015.03</principal>
      <tributos>0.00</tributos>
      <valorfindisp>106675.77</valorfindisp>
      <valorfinemgar>0.00</valorfinemgar>
      <coupom>0.00</coupom>
      <indexador>DI1</indexador>
      <percindex>130.00</percindex>
      <caracteristica>N</caracteristica>
      <percprovcred>0.00</percprovcred>
      <classeoperacao>C</classeoperacao>
      <idinternoativo>CSDC13</idinternoativo>
      <nivelrsc></nivelrsc>
   </debenture>
   <debenture>
      <isin>BRCSDCDBS021</isin>
      <coddeb>CSDC13</coddeb>
      <debconv>N</debconv>
      <debpartlucro>N</debpartlucro>
      <SPE>N</SPE>
      <cusip></cusip>
      <dtemissao>20150227</dtemissao>
      <dtoperacao>20170302</dtoperacao>
      <dtvencimento>20190227</dtvencimento>
      <cnpjemissor>46948287000187</cnpjemissor>
      <qtdisponivel>1.000000000</qtdisponivel>
      <qtgarantia>0.000000000</qtgarantia>
      <depgar>0</depgar>
      <pucompra>83507.51000000</pucompra>
      <puvencimento>999.99999990</puvencimento>
      <puposicao>53337.88532334</puposicao>
      <puemissao>100000.00000000</puemissao>
      <principal>83507.51</principal>
      <tributos>0.00</tributos>
      <valorfindisp>53337.89</valorfindisp>
      <valorfinemgar>0.00</valorfinemgar>
      <coupom>0.00</coupom>
      <indexador>DI1</indexador>
      <percindex>130.00</percindex>
      <caracteristica>N</caracteristica>
      <percprovcred>0.00</percprovcred>
      <classeoperacao>C</classeoperacao>
      <idinternoativo>CSDC13</idinternoativo>
      <nivelrsc></nivelrsc>
   </debenture>
   <debenture>
      <isin>BRCSDCDBS021</isin>
      <coddeb>CSDC13</coddeb>
      <debconv>N</debconv>
      <debpartlucro>N</debpartlucro>
      <SPE>N</SPE>
      <cusip></cusip>
      <dtemissao>20150227</dtemissao>
      <dtoperacao>20170302</dtoperacao>
      <dtvencimento>20190227</dtvencimento>
      <cnpjemissor>46948287000187</cnpjemissor>
      <qtdisponivel>2.000000000</qtdisponivel>
      <qtgarantia>0.000000000</qtgarantia>
      <depgar>0</depgar>
      <pucompra>84149.35500000</pucompra>
      <puvencimento>999.99999990</puvencimento>
      <puposicao>53337.88532334</puposicao>
      <puemissao>100000.00000000</puemissao>
      <principal>168298.71</principal>
      <tributos>0.00</tributos>
      <valorfindisp>106675.77</valorfindisp>
      <valorfinemgar>0.00</valorfinemgar>
      <coupom>0.00</coupom>
      <indexador>DI1</indexador>
      <percindex>130.00</percindex>
      <caracteristica>N</caracteristica>
      <percprovcred>0.00</percprovcred>
      <classeoperacao>C</classeoperacao>
      <idinternoativo>CSDC13</idinternoativo>
      <nivelrsc></nivelrsc>
   </debenture>
   <debenture>
      <isin>BRMTECDBS042</isin>
      <coddeb>MTEL15</coddeb>
      <debconv>N</debconv>
      <debpartlucro>N</debpartlucro>
      <SPE>N</SPE>
      <cusip></cusip>
      <dtemissao>20141216</dtemissao>
      <dtoperacao>20170302</dtoperacao>
      <dtvencimento>20201216</dtvencimento>
      <cnpjemissor>71738132000163</cnpjemissor>
      <qtdisponivel>149.000000000</qtdisponivel>
      <qtgarantia>0.000000000</qtgarantia>
      <depgar>0</depgar>
      <pucompra>10493.58486667</pucompra>
      <puvencimento>999.99999990</puvencimento>
      <puposicao>10463.93628400</puposicao>
      <puemissao>10000.00000000</puemissao>
      <principal>1563544.15</principal>
      <tributos>0.00</tributos>
      <valorfindisp>1559126.51</valorfindisp>
      <valorfinemgar>0.00</valorfinemgar>
      <coupom>0.00</coupom>
      <indexador>DI1</indexador>
      <percindex>130.00</percindex>
      <caracteristica>N</caracteristica>
      <percprovcred>0.00</percprovcred>
      <classeoperacao>C</classeoperacao>
      <idinternoativo>MTEL15</idinternoativo>
      <nivelrsc></nivelrsc>
   </debenture>
   <debenture>
      <isin>BRMTECDBS042</isin>
      <coddeb>MTEL15</coddeb>
      <debconv>N</debconv>
      <debpartlucro>N</debpartlucro>
      <SPE>N</SPE>
      <cusip></cusip>
      <dtemissao>20141216</dtemissao>
      <dtoperacao>20170302</dtoperacao>
      <dtvencimento>20201216</dtvencimento>
      <cnpjemissor>71738132000163</cnpjemissor>
      <qtdisponivel>85.000000000</qtdisponivel>
      <qtgarantia>0.000000000</qtgarantia>
      <depgar>0</depgar>
      <pucompra>10493.58482353</pucompra>
      <puvencimento>999.99999990</puvencimento>
      <puposicao>10463.93628400</puposicao>
      <puemissao>10000.00000000</puemissao>
      <principal>891954.71</principal>
      <tributos>0.00</tributos>
      <valorfindisp>889434.58</valorfindisp>
      <valorfinemgar>0.00</valorfinemgar>
      <coupom>0.00</coupom>
      <indexador>DI1</indexador>
      <percindex>130.00</percindex>
      <caracteristica>N</caracteristica>
      <percprovcred>0.00</percprovcred>
      <classeoperacao>C</classeoperacao>
      <idinternoativo>MTEL15</idinternoativo>
      <nivelrsc></nivelrsc>
   </debenture>
   <caixa>
      <isininstituicao>BRBBDC</isininstituicao>
      <tpconta>D</tpconta>
      <saldo>8875.83</saldo>
      <nivelrsc>BB</nivelrsc>
   </caixa>
   <cotas>
      <isin>BR**********</isin>
      <cnpjfundo>20989394000160</cnpjfundo>
      <qtdisponivel>1110500.094107000</qtdisponivel>
      <qtgarantia>0.000000000</qtgarantia>
      <puposicao>1.48105330</puposicao>
      <tributos>0.00</tributos>
      <nivelrsc></nivelrsc>
   </cotas>
   <cotas>
      <isin>BRFGRACTF008</isin>
      <cnpjfundo>19776123000147</cnpjfundo>
      <qtdisponivel>1045.264320000</qtdisponivel>
      <qtgarantia>0.000000000</qtgarantia>
      <puposicao>1185.83878225</puposicao>
      <tributos>0.00</tributos>
      <nivelrsc></nivelrsc>
   </cotas>
   <despesas>
      <txadm>0.00</txadm>
      <tributos>0.00</tributos>
      <perctaxaadm>0.00000000</perctaxaadm>
      <txperf>N</txperf>
      <vltxperf>0.00</vltxperf>
      <perctxperf>0.00000000</perctxperf>
      <percindex>0.00000000</percindex>
      <outtax>0.00</outtax>
      <indexador></indexador>
   </despesas>
   <outrasdespesas>
      <coddesp>999</coddesp>
      <valor>120.00</valor>
   </outrasdespesas>
   <provisao>
      <codprov>15</codprov>
      <!--Taxa Custodia-->
      <credeb>D</credeb>
      <dt>20171031</dt>
      <valor>1357.17</valor>
   </provisao>
   <provisao>
      <codprov>999</codprov>
      <!--Outros-->
      <credeb>D</credeb>
      <dt>20171031</dt>
      <valor>1357.17</valor>
   </provisao>
   <provisao>
      <codprov>999</codprov>
      <!--Outros-->
      <credeb>C</credeb>
      <dt>20171215</dt>
      <valor>112.80</valor>
   </provisao>
   <provisao>
      <codprov>999</codprov>
      <!--Outros-->
      <credeb>C</credeb>
      <dt>20171106</dt>
      <valor>564.30</valor>
   </provisao>
   <provisao>
      <codprov>999</codprov>
      <!--Outros-->
      <credeb>C</credeb>
      <dt>20171031</dt>
      <valor>24.96</valor>
   </provisao>
   <provisao>
      <codprov>999</codprov>
      <!--Outros-->
      <credeb>C</credeb>
      <dt>20180109</dt>
      <valor>1491.99</valor>
   </provisao>
</fundo>
</arquivoposicao_4_01>
