<?xml version= "1.0" encoding="UTF-8"?>
<arquivoposicao_4_01>
<fundo>
   <header>
      <isin>BR**********</isin>
      <cnpj>01653201000150</cnpj>
      <nome>GRAU SAVANA INSTITUCIONAL FI MULTIMERCADO</nome>
      <dtposicao>20171215</dtposicao>
      <nomeadm>PLANNER CORRETORA DE VALORES SA</nomeadm>
      <cnpjadm>00806535000154</cnpjadm>
      <nomegestor>GRAU GESTAO DE ATIVOS LTDA</nomegestor>
      <cnpjgestor>07252227000173</cnpjgestor>
      <nomecustodiante>PLANNER CV SA</nomecustodiante>
      <cnpjcustodiante>00806535000154</cnpjcustodiante>
      <valorcota>15.76453410</valorcota>
      <quantidade>137006.530317660</quantidade>
      <patliq>2159844.12</patliq>
      <valorativos>2105681.37</valorativos>
      <valorreceber>335960.11</valorreceber>
      <valorpagar>281797.36</valorpagar>
      <vlcotasemitir>0.00</vlcotasemitir>
      <vlcotasresgatar>0.00</vlcotasresgatar>
      <codanbid>147923</codanbid>
      <tipofundo>331</tipofundo>
      <nivelrsc></nivelrsc>
   </header>
   <titpublico>
      <isin>BRSTNCLF1R17</isin>
      <codativo>210100</codativo>
      <cusip></cusip>
      <dtemissao>20130719</dtemissao>
      <dtoperacao>20170911</dtoperacao>
      <dtvencimento>20190301</dtvencimento>
      <qtdisponivel>7.000000000</qtdisponivel>
      <qtgarantia>0.000000000</qtgarantia>
      <depgar>0</depgar>
      <pucompra>9082.56428571</pucompra>
      <puvencimento>0.00000000</puvencimento>
      <puposicao>9261.22285714</puposicao>
      <puemissao>1000.00000000</puemissao>
      <principal>63577.95</principal>
      <tributos>0.00</tributos>
      <valorfindisp>64828.56</valorfindisp>
      <valorfinemgar>0.00</valorfinemgar>
      <coupom>0.00</coupom>
      <indexador>DI1</indexador>
      <percindex>100.00</percindex>
      <caracteristica>N</caracteristica>
      <percprovcred>0.00</percprovcred>
      <classeoperacao>C</classeoperacao>
      <idinternoativo>LFT01032019</idinternoativo>
      <nivelrsc></nivelrsc>
   </titpublico>
   <titpublico>
      <isin>BRSTNCLF1R17</isin>
      <codativo>210100</codativo>
      <cusip></cusip>
      <dtemissao>20130719</dtemissao>
      <dtoperacao>20171017</dtoperacao>
      <dtvencimento>20190301</dtvencimento>
      <qtdisponivel>4.000000000</qtdisponivel>
      <qtgarantia>0.000000000</qtgarantia>
      <depgar>0</depgar>
      <pucompra>9153.46000000</pucompra>
      <puvencimento>0.00000000</puvencimento>
      <puposicao>9261.22250000</puposicao>
      <puemissao>1000.00000000</puemissao>
      <principal>36613.84</principal>
      <tributos>0.00</tributos>
      <valorfindisp>37044.89</valorfindisp>
      <valorfinemgar>0.00</valorfinemgar>
      <coupom>0.00</coupom>
      <indexador>DI1</indexador>
      <percindex>100.00</percindex>
      <caracteristica>N</caracteristica>
      <percprovcred>0.00</percprovcred>
      <classeoperacao>C</classeoperacao>
      <idinternoativo>LFT01032019</idinternoativo>
      <nivelrsc></nivelrsc>
   </titpublico>
   <titpublico>
      <isin>BRSTNCLF1R25</isin>
      <codativo>210100</codativo>
      <cusip></cusip>
      <dtemissao>20140117</dtemissao>
      <dtoperacao>20170810</dtoperacao>
      <dtvencimento>20200301</dtvencimento>
      <qtdisponivel>2.000000000</qtdisponivel>
      <qtgarantia>0.000000000</qtgarantia>
      <depgar>0</depgar>
      <pucompra>9016.12727273</pucompra>
      <puvencimento>0.00000000</puvencimento>
      <puposicao>9260.95500000</puposicao>
      <puemissao>1000.00000000</puemissao>
      <principal>18032.25</principal>
      <tributos>0.00</tributos>
      <valorfindisp>18521.91</valorfindisp>
      <valorfinemgar>0.00</valorfinemgar>
      <coupom>0.00</coupom>
      <indexador>DI1</indexador>
      <percindex>100.00</percindex>
      <caracteristica>N</caracteristica>
      <percprovcred>0.00</percprovcred>
      <classeoperacao>C</classeoperacao>
      <idinternoativo>LFT01032020</idinternoativo>
      <nivelrsc></nivelrsc>
   </titpublico>
   <titpublico>
      <isin>BRSTNCLF1R25</isin>
      <codativo>210100</codativo>
      <cusip></cusip>
      <dtemissao>20140117</dtemissao>
      <dtoperacao>20171017</dtoperacao>
      <dtvencimento>20200301</dtvencimento>
      <qtdisponivel>1.000000000</qtdisponivel>
      <qtgarantia>0.000000000</qtgarantia>
      <depgar>0</depgar>
      <pucompra>9152.90000000</pucompra>
      <puvencimento>0.00000000</puvencimento>
      <puposicao>9260.95000000</puposicao>
      <puemissao>1000.00000000</puemissao>
      <principal>9152.90</principal>
      <tributos>0.00</tributos>
      <valorfindisp>9260.95</valorfindisp>
      <valorfinemgar>0.00</valorfinemgar>
      <coupom>0.00</coupom>
      <indexador>DI1</indexador>
      <percindex>100.00</percindex>
      <caracteristica>N</caracteristica>
      <percprovcred>0.00</percprovcred>
      <classeoperacao>C</classeoperacao>
      <idinternoativo>LFT01032020</idinternoativo>
      <nivelrsc></nivelrsc>
   </titpublico>
   <titpublico>
      <isin>BRSTNCLF1R66</isin>
      <codativo>210100</codativo>
      <cusip></cusip>
      <dtemissao>20160108</dtemissao>
      <dtoperacao>20171122</dtoperacao>
      <dtvencimento>20220301</dtvencimento>
      <qtdisponivel>6.000000000</qtdisponivel>
      <qtgarantia>0.000000000</qtgarantia>
      <depgar>0</depgar>
      <pucompra>9215.25444444</pucompra>
      <puvencimento>0.00000000</puvencimento>
      <puposicao>9259.88000000</puposicao>
      <puemissao>1000.00000000</puemissao>
      <principal>55291.53</principal>
      <tributos>0.00</tributos>
      <valorfindisp>55559.28</valorfindisp>
      <valorfinemgar>0.00</valorfinemgar>
      <coupom>0.00</coupom>
      <indexador>DI1</indexador>
      <percindex>100.00</percindex>
      <caracteristica>N</caracteristica>
      <percprovcred>0.00</percprovcred>
      <classeoperacao>C</classeoperacao>
      <idinternoativo>LFT01032022</idinternoativo>
      <nivelrsc></nivelrsc>
   </titpublico>
   <titpublico>
      <isin>BRSTNCLF1R66</isin>
      <codativo>210100</codativo>
      <cusip></cusip>
      <dtemissao>20160108</dtemissao>
      <dtoperacao>20171127</dtoperacao>
      <dtvencimento>20220301</dtvencimento>
      <qtdisponivel>7.000000000</qtdisponivel>
      <qtgarantia>0.000000000</qtgarantia>
      <depgar>0</depgar>
      <pucompra>9223.09857143</pucompra>
      <puvencimento>0.00000000</puvencimento>
      <puposicao>9259.88000000</puposicao>
      <puemissao>1000.00000000</puemissao>
      <principal>64561.69</principal>
      <tributos>0.00</tributos>
      <valorfindisp>64819.16</valorfindisp>
      <valorfinemgar>0.00</valorfinemgar>
      <coupom>0.00</coupom>
      <indexador>DI1</indexador>
      <percindex>100.00</percindex>
      <caracteristica>N</caracteristica>
      <percprovcred>0.00</percprovcred>
      <classeoperacao>C</classeoperacao>
      <idinternoativo>LFT01032022</idinternoativo>
      <nivelrsc></nivelrsc>
   </titpublico>
   <titpublico>
      <isin>BRSTNCLF1R66</isin>
      <codativo>210100</codativo>
      <cusip></cusip>
      <dtemissao>20160108</dtemissao>
      <dtoperacao>20171215</dtoperacao>
      <dtvencimento>20220301</dtvencimento>
      <qtdisponivel>13.000000000</qtdisponivel>
      <qtgarantia>0.000000000</qtgarantia>
      <depgar>0</depgar>
      <pucompra>9258.75538462</pucompra>
      <puvencimento>0.00000000</puvencimento>
      <puposicao>9259.87923077</puposicao>
      <puemissao>1000.00000000</puemissao>
      <principal>120363.82</principal>
      <tributos>0.00</tributos>
      <valorfindisp>120378.43</valorfindisp>
      <valorfinemgar>0.00</valorfinemgar>
      <coupom>0.00</coupom>
      <indexador>DI1</indexador>
      <percindex>100.00</percindex>
      <caracteristica>N</caracteristica>
      <percprovcred>0.00</percprovcred>
      <classeoperacao>C</classeoperacao>
      <idinternoativo>LFT01032022</idinternoativo>
      <nivelrsc></nivelrsc>
   </titpublico>
   <titpublico>
      <isin>BRSTNCLF1R82</isin>
      <codativo>210100</codativo>
      <cusip></cusip>
      <dtemissao>20170113</dtemissao>
      <dtoperacao>20171017</dtoperacao>
      <dtvencimento>20230301</dtvencimento>
      <qtdisponivel>10.000000000</qtdisponivel>
      <qtgarantia>0.000000000</qtgarantia>
      <depgar>0</depgar>
      <pucompra>9151.45444444</pucompra>
      <puvencimento>0.00000000</puvencimento>
      <puposicao>9260.00900000</puposicao>
      <puemissao>1000.00000000</puemissao>
      <principal>91514.54</principal>
      <tributos>0.00</tributos>
      <valorfindisp>92600.09</valorfindisp>
      <valorfinemgar>0.00</valorfinemgar>
      <coupom>0.00</coupom>
      <indexador>DI1</indexador>
      <percindex>100.00</percindex>
      <caracteristica>N</caracteristica>
      <percprovcred>0.00</percprovcred>
      <classeoperacao>C</classeoperacao>
      <idinternoativo>LFT01032023</idinternoativo>
      <nivelrsc></nivelrsc>
   </titpublico>
   <titpublico>
      <isin>BRSTNCLF1R58</isin>
      <codativo>210100</codativo>
      <cusip></cusip>
      <dtemissao>20150508</dtemissao>
      <dtoperacao>20170818</dtoperacao>
      <dtvencimento>20210901</dtvencimento>
      <qtdisponivel>10.000000000</qtdisponivel>
      <qtgarantia>0.000000000</qtgarantia>
      <depgar>0</depgar>
      <pucompra>9032.85500000</pucompra>
      <puvencimento>0.00000000</puvencimento>
      <puposicao>9260.23100000</puposicao>
      <puemissao>1000.00000000</puemissao>
      <principal>90328.55</principal>
      <tributos>0.00</tributos>
      <valorfindisp>92602.31</valorfindisp>
      <valorfinemgar>0.00</valorfinemgar>
      <coupom>0.00</coupom>
      <indexador>DI1</indexador>
      <percindex>100.00</percindex>
      <caracteristica>N</caracteristica>
      <percprovcred>0.00</percprovcred>
      <classeoperacao>C</classeoperacao>
      <idinternoativo>LFT01092021</idinternoativo>
      <nivelrsc></nivelrsc>
   </titpublico>
   <titpublico>
      <isin>BRSTNCLF1R58</isin>
      <codativo>210100</codativo>
      <cusip></cusip>
      <dtemissao>20150508</dtemissao>
      <dtoperacao>20171017</dtoperacao>
      <dtvencimento>20210901</dtvencimento>
      <qtdisponivel>1.000000000</qtdisponivel>
      <qtgarantia>0.000000000</qtgarantia>
      <depgar>0</depgar>
      <pucompra>9151.75000000</pucompra>
      <puvencimento>0.00000000</puvencimento>
      <puposicao>9260.23000000</puposicao>
      <puemissao>1000.00000000</puemissao>
      <principal>9151.75</principal>
      <tributos>0.00</tributos>
      <valorfindisp>9260.23</valorfindisp>
      <valorfinemgar>0.00</valorfinemgar>
      <coupom>0.00</coupom>
      <indexador>DI1</indexador>
      <percindex>100.00</percindex>
      <caracteristica>N</caracteristica>
      <percprovcred>0.00</percprovcred>
      <classeoperacao>C</classeoperacao>
      <idinternoativo>LFT01092021</idinternoativo>
      <nivelrsc></nivelrsc>
   </titpublico>
   <titpublico>
      <isin>BRSTNCLF1R74</isin>
      <codativo>210100</codativo>
      <cusip></cusip>
      <dtemissao>20160708</dtemissao>
      <dtoperacao>20170825</dtoperacao>
      <dtvencimento>20220901</dtvencimento>
      <qtdisponivel>6.000000000</qtdisponivel>
      <qtgarantia>0.000000000</qtgarantia>
      <depgar>0</depgar>
      <pucompra>9047.81500000</pucompra>
      <puvencimento>0.00000000</puvencimento>
      <puposicao>9259.79666667</puposicao>
      <puemissao>1000.00000000</puemissao>
      <principal>54286.89</principal>
      <tributos>0.00</tributos>
      <valorfindisp>55558.78</valorfindisp>
      <valorfinemgar>0.00</valorfinemgar>
      <coupom>0.00</coupom>
      <indexador>DI1</indexador>
      <percindex>100.00</percindex>
      <caracteristica>N</caracteristica>
      <percprovcred>0.00</percprovcred>
      <classeoperacao>C</classeoperacao>
      <idinternoativo>LFT01092022</idinternoativo>
      <nivelrsc></nivelrsc>
   </titpublico>
   <titpublico>
      <isin>BRSTNCLF1R74</isin>
      <codativo>210100</codativo>
      <cusip></cusip>
      <dtemissao>20160708</dtemissao>
      <dtoperacao>20171017</dtoperacao>
      <dtvencimento>20220901</dtvencimento>
      <qtdisponivel>20.000000000</qtdisponivel>
      <qtgarantia>0.000000000</qtgarantia>
      <depgar>0</depgar>
      <pucompra>9151.56450000</pucompra>
      <puvencimento>0.00000000</puvencimento>
      <puposicao>9259.79600000</puposicao>
      <puemissao>1000.00000000</puemissao>
      <principal>183031.29</principal>
      <tributos>0.00</tributos>
      <valorfindisp>185195.92</valorfindisp>
      <valorfinemgar>0.00</valorfinemgar>
      <coupom>0.00</coupom>
      <indexador>DI1</indexador>
      <percindex>100.00</percindex>
      <caracteristica>N</caracteristica>
      <percprovcred>0.00</percprovcred>
      <classeoperacao>C</classeoperacao>
      <idinternoativo>LFT01092022</idinternoativo>
      <nivelrsc></nivelrsc>
   </titpublico>
   <titpublico>
      <isin>BRSTNCLF1R74</isin>
      <codativo>210100</codativo>
      <cusip></cusip>
      <dtemissao>20160708</dtemissao>
      <dtoperacao>20171129</dtoperacao>
      <dtvencimento>20220901</dtvencimento>
      <qtdisponivel>2.000000000</qtdisponivel>
      <qtgarantia>0.000000000</qtgarantia>
      <depgar>0</depgar>
      <pucompra>9229.38000000</pucompra>
      <puvencimento>0.00000000</puvencimento>
      <puposicao>9259.79500000</puposicao>
      <puemissao>1000.00000000</puemissao>
      <principal>18458.76</principal>
      <tributos>0.00</tributos>
      <valorfindisp>18519.59</valorfindisp>
      <valorfinemgar>0.00</valorfinemgar>
      <coupom>0.00</coupom>
      <indexador>DI1</indexador>
      <percindex>100.00</percindex>
      <caracteristica>N</caracteristica>
      <percprovcred>0.00</percprovcred>
      <classeoperacao>C</classeoperacao>
      <idinternoativo>LFT01092022</idinternoativo>
      <nivelrsc></nivelrsc>
   </titpublico>
   <titpublico>
      <isin>BRSTNCNTB4O9</isin>
      <codativo>760199</codativo>
      <cusip></cusip>
      <dtemissao>20000715</dtemissao>
      <dtoperacao>20170306</dtoperacao>
      <dtvencimento>20230515</dtvencimento>
      <qtdisponivel>26.000000000</qtdisponivel>
      <qtgarantia>0.000000000</qtgarantia>
      <depgar>0</depgar>
      <pucompra>3122.99552795</pucompra>
      <puvencimento>0.00000000</puvencimento>
      <puposicao>3182.98038462</puposicao>
      <puemissao>0.00000000</puemissao>
      <principal>81197.88</principal>
      <tributos>0.00</tributos>
      <valorfindisp>82757.49</valorfindisp>
      <valorfinemgar>0.00</valorfinemgar>
      <coupom>0.00</coupom>
      <indexador>IPC</indexador>
      <percindex>0.00</percindex>
      <caracteristica>N</caracteristica>
      <percprovcred>0.00</percprovcred>
      <classeoperacao>C</classeoperacao>
      <idinternoativo>NTNB15052023</idinternoativo>
      <nivelrsc></nivelrsc>
   </titpublico>
   <titpublico>
      <isin>BRSTNCNTB4U6</isin>
      <codativo>760199</codativo>
      <cusip></cusip>
      <dtemissao>20000715</dtemissao>
      <dtoperacao>20171002</dtoperacao>
      <dtvencimento>20260815</dtvencimento>
      <qtdisponivel>6.000000000</qtdisponivel>
      <qtgarantia>0.000000000</qtgarantia>
      <depgar>0</depgar>
      <pucompra>3299.31500000</pucompra>
      <puvencimento>0.00000000</puvencimento>
      <puposicao>3253.92666667</puposicao>
      <puemissao>1000.00000000</puemissao>
      <principal>19795.89</principal>
      <tributos>0.00</tributos>
      <valorfindisp>19523.56</valorfindisp>
      <valorfinemgar>0.00</valorfinemgar>
      <coupom>0.00</coupom>
      <indexador></indexador>
      <percindex>100.00</percindex>
      <caracteristica>N</caracteristica>
      <percprovcred>0.00</percprovcred>
      <classeoperacao>C</classeoperacao>
      <idinternoativo>NTNB15082026</idinternoativo>
      <nivelrsc></nivelrsc>
   </titpublico>
   <acoes>
      <isin>BRABCBACNPR4</isin>
      <cusip></cusip>
      <codativo>ABCB4</codativo>
      <qtdisponivel>3500.000000000</qtdisponivel>
      <lote>1</lote>
      <qtgarantia>0.000000000</qtgarantia>
      <valorfindisp>54075.00</valorfindisp>
      <valorfinemgar>0.00</valorfinemgar>
      <tributos>0.00</tributos>
      <puposicao>15.45000000</puposicao>
      <percprovcred>0.00</percprovcred>
      <tpconta>1</tpconta>
      <classeoperacao>C</classeoperacao>
      <dtvencalug></dtvencalug>
      <txalug>0.00</txalug>
      <cnpjinter></cnpjinter>
   </acoes>
   <acoes>
      <isin>BRBBDCACNPR8</isin>
      <cusip></cusip>
      <codativo>BBDC4</codativo>
      <qtdisponivel>400.000000000</qtdisponivel>
      <lote>1</lote>
      <qtgarantia>0.000000000</qtgarantia>
      <valorfindisp>13060.00</valorfindisp>
      <valorfinemgar>0.00</valorfinemgar>
      <tributos>0.00</tributos>
      <puposicao>32.65000000</puposicao>
      <percprovcred>0.00</percprovcred>
      <tpconta>1</tpconta>
      <classeoperacao>T</classeoperacao>
      <dtvencalug>20180111</dtvencalug>
      <txalug>0.43</txalug>
      <cnpjinter>00806535000154</cnpjinter>
   </acoes>
   <acoes>
      <isin>BRBBDCACNPR8</isin>
      <cusip></cusip>
      <codativo>BBDC4</codativo>
      <qtdisponivel>7600.000000000</qtdisponivel>
      <lote>1</lote>
      <qtgarantia>400.000000000</qtgarantia>
      <valorfindisp>248140.00</valorfindisp>
      <valorfinemgar>13060.00</valorfinemgar>
      <tributos>0.00</tributos>
      <puposicao>32.65000000</puposicao>
      <percprovcred>0.00</percprovcred>
      <tpconta>1</tpconta>
      <classeoperacao>V</classeoperacao>
      <dtvencalug></dtvencalug>
      <txalug>0.00</txalug>
      <cnpjinter></cnpjinter>
   </acoes>
   <acoes>
      <isin>BRCSNAACNOR6</isin>
      <cusip></cusip>
      <codativo>CSNA3</codativo>
      <qtdisponivel>0.000000000</qtdisponivel>
      <lote>0</lote>
      <qtgarantia>0.000000000</qtgarantia>
      <valorfindisp>0.00</valorfindisp>
      <valorfinemgar>0.00</valorfinemgar>
      <tributos>0.00</tributos>
      <puposicao>0.00000000</puposicao>
      <percprovcred>0.00</percprovcred>
      <tpconta>1</tpconta>
      <classeoperacao>C</classeoperacao>
      <dtvencalug></dtvencalug>
      <txalug>0.00</txalug>
      <cnpjinter></cnpjinter>
   </acoes>
   <acoes>
      <isin>BRCSNAACNOR6</isin>
      <cusip></cusip>
      <codativo>CSNA3</codativo>
      <qtdisponivel>8000.000000000</qtdisponivel>
      <lote>0</lote>
      <qtgarantia>0.000000000</qtgarantia>
      <valorfindisp>0.00</valorfindisp>
      <valorfinemgar>0.00</valorfinemgar>
      <tributos>0.00</tributos>
      <puposicao>0.00000000</puposicao>
      <percprovcred>0.00</percprovcred>
      <tpconta>1</tpconta>
      <classeoperacao>T</classeoperacao>
      <dtvencalug>20180115</dtvencalug>
      <txalug>1.95</txalug>
      <cnpjinter>00806535000154</cnpjinter>
   </acoes>
   <acoes>
      <isin>BRITUBACNPR1</isin>
      <cusip></cusip>
      <codativo>ITUB4</codativo>
      <qtdisponivel>0.000000000</qtdisponivel>
      <lote>1</lote>
      <qtgarantia>0.000000000</qtgarantia>
      <valorfindisp>0.00</valorfindisp>
      <valorfinemgar>0.00</valorfinemgar>
      <tributos>0.00</tributos>
      <puposicao>41.09000000</puposicao>
      <percprovcred>0.00</percprovcred>
      <tpconta>1</tpconta>
      <classeoperacao>T</classeoperacao>
      <dtvencalug>20171220</dtvencalug>
      <txalug>0.40</txalug>
      <cnpjinter>00806535000154</cnpjinter>
   </acoes>
   <acoes>
      <isin>BRITUBACNPR1</isin>
      <cusip></cusip>
      <codativo>ITUB4</codativo>
      <qtdisponivel>8000.000000000</qtdisponivel>
      <lote>1</lote>
      <qtgarantia>0.000000000</qtgarantia>
      <valorfindisp>328720.00</valorfindisp>
      <valorfinemgar>0.00</valorfinemgar>
      <tributos>0.00</tributos>
      <puposicao>41.09000000</puposicao>
      <percprovcred>0.00</percprovcred>
      <tpconta>1</tpconta>
      <classeoperacao>T</classeoperacao>
      <dtvencalug>20180110</dtvencalug>
      <txalug>0.40</txalug>
      <cnpjinter>00806535000154</cnpjinter>
   </acoes>
   <acoes>
      <isin>BRITUBACNPR1</isin>
      <cusip></cusip>
      <codativo>ITUB4</codativo>
      <qtdisponivel>0.000000000</qtdisponivel>
      <lote>1</lote>
      <qtgarantia>0.000000000</qtgarantia>
      <valorfindisp>0.00</valorfindisp>
      <valorfinemgar>0.00</valorfinemgar>
      <tributos>0.00</tributos>
      <puposicao>41.09000000</puposicao>
      <percprovcred>0.00</percprovcred>
      <tpconta>1</tpconta>
      <classeoperacao>T</classeoperacao>
      <dtvencalug>20180108</dtvencalug>
      <txalug>0.42</txalug>
      <cnpjinter>00806535000154</cnpjinter>
   </acoes>
   <acoes>
      <isin>BRITUBACNPR1</isin>
      <cusip></cusip>
      <codativo>ITUB4</codativo>
      <qtdisponivel>5600.000000000</qtdisponivel>
      <lote>1</lote>
      <qtgarantia>0.000000000</qtgarantia>
      <valorfindisp>230104.00</valorfindisp>
      <valorfinemgar>0.00</valorfinemgar>
      <tributos>0.00</tributos>
      <puposicao>41.09000000</puposicao>
      <percprovcred>0.00</percprovcred>
      <tpconta>1</tpconta>
      <classeoperacao>T</classeoperacao>
      <dtvencalug>20171222</dtvencalug>
      <txalug>0.37</txalug>
      <cnpjinter>00806535000154</cnpjinter>
   </acoes>
   <acoes>
      <isin>BRITUBACNPR1</isin>
      <cusip></cusip>
      <codativo>ITUB4</codativo>
      <qtdisponivel>0.000000000</qtdisponivel>
      <lote>1</lote>
      <qtgarantia>0.000000000</qtgarantia>
      <valorfindisp>0.00</valorfindisp>
      <valorfinemgar>0.00</valorfinemgar>
      <tributos>0.00</tributos>
      <puposicao>41.09000000</puposicao>
      <percprovcred>0.00</percprovcred>
      <tpconta>1</tpconta>
      <classeoperacao>T</classeoperacao>
      <dtvencalug>20180115</dtvencalug>
      <txalug>0.42</txalug>
      <cnpjinter>00806535000154</cnpjinter>
   </acoes>
   <acoes>
      <isin>BRITUBACNPR1</isin>
      <cusip></cusip>
      <codativo>ITUB4</codativo>
      <qtdisponivel>6400.000000000</qtdisponivel>
      <lote>1</lote>
      <qtgarantia>0.000000000</qtgarantia>
      <valorfindisp>262976.00</valorfindisp>
      <valorfinemgar>0.00</valorfinemgar>
      <tributos>0.00</tributos>
      <puposicao>41.09000000</puposicao>
      <percprovcred>0.00</percprovcred>
      <tpconta>1</tpconta>
      <classeoperacao>C</classeoperacao>
      <dtvencalug></dtvencalug>
      <txalug>0.00</txalug>
      <cnpjinter></cnpjinter>
   </acoes>
   <acoes>
      <isin>BRPETRACNPR6</isin>
      <cusip></cusip>
      <codativo>PETR4</codativo>
      <qtdisponivel>14500.000000000</qtdisponivel>
      <lote>1</lote>
      <qtgarantia>0.000000000</qtgarantia>
      <valorfindisp>216775.00</valorfindisp>
      <valorfinemgar>0.00</valorfinemgar>
      <tributos>0.00</tributos>
      <puposicao>14.95000000</puposicao>
      <percprovcred>0.00</percprovcred>
      <tpconta>1</tpconta>
      <classeoperacao>C</classeoperacao>
      <dtvencalug></dtvencalug>
      <txalug>0.00</txalug>
      <cnpjinter></cnpjinter>
   </acoes>
   <acoes>
      <isin>BRRADLACNOR0</isin>
      <cusip></cusip>
      <codativo>RADL3</codativo>
      <qtdisponivel>0.000000000</qtdisponivel>
      <lote>1</lote>
      <qtgarantia>0.000000000</qtgarantia>
      <valorfindisp>0.00</valorfindisp>
      <valorfinemgar>0.00</valorfinemgar>
      <tributos>0.00</tributos>
      <puposicao>0.00000000</puposicao>
      <percprovcred>0.00</percprovcred>
      <tpconta>1</tpconta>
      <classeoperacao>C</classeoperacao>
      <dtvencalug></dtvencalug>
      <txalug>0.00</txalug>
      <cnpjinter></cnpjinter>
   </acoes>
   <acoes>
      <isin>BRRADLACNOR0</isin>
      <cusip></cusip>
      <codativo>RADL3</codativo>
      <qtdisponivel>0.000000000</qtdisponivel>
      <lote>1</lote>
      <qtgarantia>0.000000000</qtgarantia>
      <valorfindisp>0.00</valorfindisp>
      <valorfinemgar>0.00</valorfinemgar>
      <tributos>0.00</tributos>
      <puposicao>87.80000000</puposicao>
      <percprovcred>0.00</percprovcred>
      <tpconta>1</tpconta>
      <classeoperacao>T</classeoperacao>
      <dtvencalug>20171026</dtvencalug>
      <txalug>1.00</txalug>
      <cnpjinter>00806535000154</cnpjinter>
   </acoes>
   <acoes>
      <isin>US74348A1604</isin>
      <cusip></cusip>
      <codativo>SQQQ</codativo>
      <qtdisponivel>700.000000000</qtdisponivel>
      <lote>1</lote>
      <qtgarantia>0.000000000</qtgarantia>
      <valorfindisp>48928.04</valorfindisp>
      <valorfinemgar>0.00</valorfinemgar>
      <tributos>0.00</tributos>
      <puposicao>69.89720000</puposicao>
      <percprovcred>0.00</percprovcred>
      <tpconta>1</tpconta>
      <classeoperacao>C</classeoperacao>
      <dtvencalug></dtvencalug>
      <txalug>0.00</txalug>
      <cnpjinter></cnpjinter>
   </acoes>
   <opcoesacoes>
      <isin>BRCSNA3X0BU9</isin>
      <cusip></cusip>
      <codativo>CSNAX74</codativo>
      <ativobase>CSNA3</ativobase>
      <qtdisponivel>16000.000000000</qtdisponivel>
      <valorfinanceiro>480.00</valorfinanceiro>
      <precoexercicio>7.40000000</precoexercicio>
      <dtvencimento>20171218</dtvencimento>
      <classeoperacao>C</classeoperacao>
      <tributos>0.00</tributos>
      <puposicao>0.03000000</puposicao>
      <premio>3527.52</premio>
      <percprovcred>0.00</percprovcred>
      <tpconta>1</tpconta>
      <hedge>N</hedge>
      <tphedge>0</tphedge>
   </opcoesacoes>
   <opcoesacoes>
      <isin>BRCSNA3X0B52</isin>
      <cusip></cusip>
      <codativo>CSNAX76</codativo>
      <ativobase>CSNA3</ativobase>
      <qtdisponivel>24000.000000000</qtdisponivel>
      <valorfinanceiro>720.00</valorfinanceiro>
      <precoexercicio>7.60000000</precoexercicio>
      <dtvencimento>20171218</dtvencimento>
      <classeoperacao>C</classeoperacao>
      <tributos>0.00</tributos>
      <puposicao>0.03000000</puposicao>
      <premio>4327.91</premio>
      <percprovcred>0.00</percprovcred>
      <tpconta>1</tpconta>
      <hedge>N</hedge>
      <tphedge>0</tphedge>
   </opcoesacoes>
   <opcoesacoes>
      <isin>BRPETR4L0MG1</isin>
      <cusip></cusip>
      <codativo>PETRL65</codativo>
      <ativobase>PETR4</ativobase>
      <qtdisponivel>40000.000000000</qtdisponivel>
      <valorfinanceiro>400.00</valorfinanceiro>
      <precoexercicio>15.75000000</precoexercicio>
      <dtvencimento>20171218</dtvencimento>
      <classeoperacao>C</classeoperacao>
      <tributos>0.00</tributos>
      <puposicao>0.01000000</puposicao>
      <premio>10421.45</premio>
      <percprovcred>0.00</percprovcred>
      <tpconta>1</tpconta>
      <hedge>N</hedge>
      <tphedge>0</tphedge>
   </opcoesacoes>
   <opcoesacoes>
      <isin>BRPETR4L0MU2</isin>
      <cusip></cusip>
      <codativo>PETRL85</codativo>
      <ativobase>PETR4</ativobase>
      <qtdisponivel>24000.000000000</qtdisponivel>
      <valorfinanceiro>240.00</valorfinanceiro>
      <precoexercicio>16.50000000</precoexercicio>
      <dtvencimento>20171218</dtvencimento>
      <classeoperacao>C</classeoperacao>
      <tributos>0.00</tributos>
      <puposicao>0.01000000</puposicao>
      <premio>5528.79</premio>
      <percprovcred>0.00</percprovcred>
      <tpconta>1</tpconta>
      <hedge>N</hedge>
      <tphedge>0</tphedge>
   </opcoesacoes>
   <opcoesacoes>
      <isin>BRPETR4X0MX2</isin>
      <cusip></cusip>
      <codativo>PETRX15</codativo>
      <ativobase>PETR4</ativobase>
      <qtdisponivel>28000.000000000</qtdisponivel>
      <valorfinanceiro>3360.00</valorfinanceiro>
      <precoexercicio>15.00000000</precoexercicio>
      <dtvencimento>20171218</dtvencimento>
      <classeoperacao>C</classeoperacao>
      <tributos>0.00</tributos>
      <puposicao>0.12000000</puposicao>
      <premio>3005.98</premio>
      <percprovcred>0.00</percprovcred>
      <tpconta>1</tpconta>
      <hedge>N</hedge>
      <tphedge>0</tphedge>
   </opcoesacoes>
   <opcoesacoes>
      <isin>BRRADL3M02G3</isin>
      <cusip></cusip>
      <codativo>RADLM81</codativo>
      <ativobase>RADL3</ativobase>
      <qtdisponivel>10000.000000000</qtdisponivel>
      <valorfinanceiro>8600.00</valorfinanceiro>
      <precoexercicio>81.00000000</precoexercicio>
      <dtvencimento>20180115</dtvencimento>
      <classeoperacao>C</classeoperacao>
      <tributos>0.00</tributos>
      <puposicao>0.86000000</puposicao>
      <premio>8614.28</premio>
      <percprovcred>0.00</percprovcred>
      <tpconta>1</tpconta>
      <hedge>N</hedge>
      <tphedge>0</tphedge>
   </opcoesacoes>
   <opcoesacoes>
      <isin>BRRADL3X04F8</isin>
      <cusip></cusip>
      <codativo>RADLX84</codativo>
      <ativobase>RADL3</ativobase>
      <qtdisponivel>20000.000000000</qtdisponivel>
      <valorfinanceiro>13600.00</valorfinanceiro>
      <precoexercicio>84.48000000</precoexercicio>
      <dtvencimento>20171218</dtvencimento>
      <classeoperacao>C</classeoperacao>
      <tributos>0.00</tributos>
      <puposicao>0.68000000</puposicao>
      <premio>18285.39</premio>
      <percprovcred>0.00</percprovcred>
      <tpconta>1</tpconta>
      <hedge>N</hedge>
      <tphedge>0</tphedge>
   </opcoesacoes>
   <opcoesacoes>
      <isin>BRVALE3L0490</isin>
      <cusip></cusip>
      <codativo>VALEL387</codativo>
      <ativobase>VALE3</ativobase>
      <qtdisponivel>40000.000000000</qtdisponivel>
      <valorfinanceiro>400.00</valorfinanceiro>
      <precoexercicio>38.90000000</precoexercicio>
      <dtvencimento>20171218</dtvencimento>
      <classeoperacao>C</classeoperacao>
      <tributos>0.00</tributos>
      <puposicao>0.01000000</puposicao>
      <premio>8665.38</premio>
      <percprovcred>0.00</percprovcred>
      <tpconta>1</tpconta>
      <hedge>N</hedge>
      <tphedge>0</tphedge>
   </opcoesacoes>
   <futuros>
      <isin></isin>
      <ativo>IND</ativo>
      <cnpjcorretora>00806535000154</cnpjcorretora>
      <serie>G18</serie>
      <quantidade>0.000000000</quantidade>
      <vltotalpos>0.00</vltotalpos>
      <tributos>0.00</tributos>
      <dtvencimento>19010101</dtvencimento>
      <vlajuste>-920.00</vlajuste>
      <classeoperacao>C</classeoperacao>
      <hedge>N</hedge>
      <tphedge>0</tphedge>
   </futuros>
   <futuros>
      <isin></isin>
      <ativo>WDO</ativo>
      <cnpjcorretora>00806535000154</cnpjcorretora>
      <serie>F18</serie>
      <quantidade>10.000000000</quantidade>
      <vltotalpos>0.00</vltotalpos>
      <tributos>0.00</tributos>
      <dtvencimento>20180102</dtvencimento>
      <vlajuste>2912.00</vlajuste>
      <classeoperacao>V</classeoperacao>
      <hedge>N</hedge>
      <tphedge>0</tphedge>
   </futuros>
   <caixa>
      <isininstituicao>BRBBDC</isininstituicao>
      <tpconta>D</tpconta>
      <saldo>191694.55</saldo>
      <nivelrsc>BB</nivelrsc>
   </caixa>
   <cotas>
      <isin>BR**********</isin>
      <cnpjfundo>22175345000119</cnpjfundo>
      <qtdisponivel>5.571140760</qtdisponivel>
      <qtgarantia>0.000000000</qtgarantia>
      <puposicao>37155.19998974</puposicao>
      <tributos>0.00</tributos>
      <nivelrsc></nivelrsc>
   </cotas>
   <cotas>
      <isin>BR**********</isin>
      <cnpjfundo>22175345000119</cnpjfundo>
      <qtdisponivel>3.087311000</qtdisponivel>
      <qtgarantia>0.000000000</qtgarantia>
      <puposicao>35375.84251357</puposicao>
      <tributos>0.00</tributos>
      <nivelrsc></nivelrsc>
   </cotas>
   <cotas>
      <isin>BR**********</isin>
      <cnpjfundo>27500387000100</cnpjfundo>
      <qtdisponivel>275920.108345600</qtdisponivel>
      <qtgarantia>0.000000000</qtgarantia>
      <puposicao>1.15974347</puposicao>
      <tributos>0.00</tributos>
      <nivelrsc></nivelrsc>
   </cotas>
   <despesas>
      <txadm>904.02</txadm>
      <tributos>0.00</tributos>
      <perctaxaadm>0.53000000</perctaxaadm>
      <txperf>N</txperf>
      <vltxperf>0.00</vltxperf>
      <perctxperf>0.00000000</perctxperf>
      <percindex>0.00000000</percindex>
      <outtax>0.00</outtax>
      <indexador></indexador>
   </despesas>
   <outrasdespesas>
      <coddesp>999</coddesp>
      <valor>82237.11</valor>
   </outrasdespesas>
   <outrasdespesas>
      <coddesp>999</coddesp>
      <valor>20.00</valor>
   </outrasdespesas>
   <outrasdespesas>
      <coddesp>999</coddesp>
      <valor>7.90</valor>
   </outrasdespesas>
   <outrasdespesas>
      <coddesp>999</coddesp>
      <valor>2784.75</valor>
   </outrasdespesas>
   <outrasdespesas>
      <coddesp>999</coddesp>
      <valor>940.92</valor>
   </outrasdespesas>
   <provisao>
      <codprov>21</codprov>
      <!--Conta Corrente-->
      <credeb>D</credeb>
      <dt>00000000</dt>
      <valor>281142.97</valor>
   </provisao>
   <provisao>
      <codprov>28</codprov>
      <!--DIV. S/12800 ITUB4  Vr.Unit: 0,1445000-->
      <credeb>C</credeb>
      <dt>40001231</dt>
      <valor>1849.60</valor>
   </provisao>
   <provisao>
      <codprov>31</codprov>
      <!--Juros a Pagar s/BTC Tomador-->
      <credeb>D</credeb>
      <dt>20180115</dt>
      <valor>37.09</valor>
   </provisao>
   <provisao>
      <codprov>31</codprov>
      <!--Juros a Pagar s/BTC Tomador-->
      <credeb>D</credeb>
      <dt>20171220</dt>
      <valor>0.00</valor>
   </provisao>
   <provisao>
      <codprov>31</codprov>
      <!--Juros a Pagar s/BTC Tomador-->
      <credeb>D</credeb>
      <dt>20171026</dt>
      <valor>0.00</valor>
   </provisao>
   <provisao>
      <codprov>31</codprov>
      <!--Juros a Pagar s/BTC Tomador-->
      <credeb>D</credeb>
      <dt>20180111</dt>
      <valor>3.97</valor>
   </provisao>
   <provisao>
      <codprov>31</codprov>
      <!--Juros a Pagar s/BTC Tomador-->
      <credeb>D</credeb>
      <dt>20180110</dt>
      <valor>58.78</valor>
   </provisao>
   <provisao>
      <codprov>31</codprov>
      <!--Juros a Pagar s/BTC Tomador-->
      <credeb>D</credeb>
      <dt>20180108</dt>
      <valor>0.00</valor>
   </provisao>
   <provisao>
      <codprov>31</codprov>
      <!--Juros a Pagar s/BTC Tomador-->
      <credeb>D</credeb>
      <dt>20171222</dt>
      <valor>73.95</valor>
   </provisao>
   <provisao>
      <codprov>34</codprov>
      <!--Taxa de Administracao Prevista-->
      <credeb>D</credeb>
      <dt>00000000</dt>
      <valor>480.60</valor>
   </provisao>
   <provisao>
      <codprov>999</codprov>
      <!--Outros-->
      <credeb>C</credeb>
      <dt>20180115</dt>
      <valor>106.19</valor>
   </provisao>
   <provisao>
      <codprov>999</codprov>
      <!--Outros-->
      <credeb>C</credeb>
      <dt>20171218</dt>
      <valor>331890.61</valor>
   </provisao>
   <provisao>
      <codprov>999</codprov>
      <!--Outros-->
      <credeb>C</credeb>
      <dt>20180105</dt>
      <valor>1572.76</valor>
   </provisao>
   <provisao>
      <codprov>999</codprov>
      <!--Outros-->
      <credeb>C</credeb>
      <dt>20180109</dt>
      <valor>540.95</valor>
   </provisao>
</fundo>
</arquivoposicao_4_01>
