<?xml version= "1.0" encoding="UTF-8"?>
<arquivoposicao_4_01>
<fundo>
   <header>
      <isin>BR**********</isin>
      <cnpj>14830943000156</cnpj>
      <nome>CAVIAR FIM CP IE</nome>
      <dtposicao>20171215</dtposicao>
      <nomeadm>PLANNER CORRETORA DE VALORES SA</nomeadm>
      <cnpjadm>00806535000154</cnpjadm>
      <nomegestor>GRAU GESTAO DE ATIVOS LTDA</nomegestor>
      <cnpjgestor>07252227000173</cnpjgestor>
      <nomecustodiante>PLANNER CV SA</nomecustodiante>
      <cnpjcustodiante>00806535000154</cnpjcustodiante>
      <valorcota>0.00000000</valorcota>
      <quantidade>0.000000000</quantidade>
      <patliq>0.00</patliq>
      <valorativos>0.00</valorativos>
      <valorreceber>0.00</valorreceber>
      <valorpagar>0.00</valorpagar>
      <vlcotasemitir>0.00</vlcotasemitir>
      <vlcotasresgatar>0.00</vlcotasresgatar>
      <codanbid>363332</codanbid>
      <tipofundo></tipofundo>
      <nivelrsc></nivelrsc>
   </header>
   <despesas>
      <txadm>0.00</txadm>
      <tributos>0.00</tributos>
      <perctaxaadm>0.00000000</perctaxaadm>
      <txperf>N</txperf>
      <vltxperf>0.00</vltxperf>
      <perctxperf>0.00000000</perctxperf>
      <percindex>0.00000000</percindex>
      <outtax>0.00</outtax>
      <indexador></indexador>
   </despesas>
</fundo>
</arquivoposicao_4_01>
