<?xml version= "1.0" encoding="UTF-8"?>
<arquivoposicao_4_01>
<fundo>
   <header>
      <isin>BR**********</isin>
      <cnpj>01653201000150</cnpj>
      <nome>GRAU SAVANA INSTITUCIONAL FI MULTIMERCADO</nome>
      <dtposicao>20171214</dtposicao>
      <nomeadm>PLANNER CORRETORA DE VALORES SA</nomeadm>
      <cnpjadm>00806535000154</cnpjadm>
      <nomegestor>GRAU GESTAO DE ATIVOS LTDA</nomegestor>
      <cnpjgestor>07252227000173</cnpjgestor>
      <nomecustodiante>PLANNER CV SA</nomecustodiante>
      <cnpjcustodiante>00806535000154</cnpjcustodiante>
      <valorcota>15.05761180</valorcota>
      <quantidade>137006.530317660</quantidade>
      <patliq>2062991.16</patliq>
      <valorativos>1959758.80</valorativos>
      <valorreceber>284489.09</valorreceber>
      <valorpagar>181256.73</valorpagar>
      <vlcotasemitir>0.00</vlcotasemitir>
      <vlcotasresgatar>0.00</vlcotasresgatar>
      <codanbid>147923</codanbid>
      <tipofundo>331</tipofundo>
      <nivelrsc></nivelrsc>
   </header>
   <titpublico>
      <isin>BRSTNCLF1R17</isin>
      <codativo>210100</codativo>
      <cusip></cusip>
      <dtemissao>20130719</dtemissao>
      <dtoperacao>20170911</dtoperacao>
      <dtvencimento>20190301</dtvencimento>
      <qtdisponivel>7.000000000</qtdisponivel>
      <qtgarantia>0.000000000</qtgarantia>
      <depgar>0</depgar>
      <pucompra>9082.56428571</pucompra>
      <puvencimento>0.00000000</puvencimento>
      <puposicao>9258.77000000</puposicao>
      <puemissao>1000.00000000</puemissao>
      <principal>63577.95</principal>
      <tributos>0.00</tributos>
      <valorfindisp>64811.39</valorfindisp>
      <valorfinemgar>0.00</valorfinemgar>
      <coupom>0.00</coupom>
      <indexador>DI1</indexador>
      <percindex>100.00</percindex>
      <caracteristica>N</caracteristica>
      <percprovcred>0.00</percprovcred>
      <classeoperacao>C</classeoperacao>
      <idinternoativo>LFT01032019</idinternoativo>
      <nivelrsc></nivelrsc>
   </titpublico>
   <titpublico>
      <isin>BRSTNCLF1R17</isin>
      <codativo>210100</codativo>
      <cusip></cusip>
      <dtemissao>20130719</dtemissao>
      <dtoperacao>20171017</dtoperacao>
      <dtvencimento>20190301</dtvencimento>
      <qtdisponivel>4.000000000</qtdisponivel>
      <qtgarantia>0.000000000</qtgarantia>
      <depgar>0</depgar>
      <pucompra>9153.46000000</pucompra>
      <puvencimento>0.00000000</puvencimento>
      <puposicao>9258.77000000</puposicao>
      <puemissao>1000.00000000</puemissao>
      <principal>36613.84</principal>
      <tributos>0.00</tributos>
      <valorfindisp>37035.08</valorfindisp>
      <valorfinemgar>0.00</valorfinemgar>
      <coupom>0.00</coupom>
      <indexador>DI1</indexador>
      <percindex>100.00</percindex>
      <caracteristica>N</caracteristica>
      <percprovcred>0.00</percprovcred>
      <classeoperacao>C</classeoperacao>
      <idinternoativo>LFT01032019</idinternoativo>
      <nivelrsc></nivelrsc>
   </titpublico>
   <titpublico>
      <isin>BRSTNCLF1R25</isin>
      <codativo>210100</codativo>
      <cusip></cusip>
      <dtemissao>20140117</dtemissao>
      <dtoperacao>20170810</dtoperacao>
      <dtvencimento>20200301</dtvencimento>
      <qtdisponivel>2.000000000</qtdisponivel>
      <qtgarantia>0.000000000</qtgarantia>
      <depgar>0</depgar>
      <pucompra>9016.12727273</pucompra>
      <puvencimento>0.00000000</puvencimento>
      <puposicao>9258.50000000</puposicao>
      <puemissao>1000.00000000</puemissao>
      <principal>18032.25</principal>
      <tributos>0.00</tributos>
      <valorfindisp>18517.00</valorfindisp>
      <valorfinemgar>0.00</valorfinemgar>
      <coupom>0.00</coupom>
      <indexador>DI1</indexador>
      <percindex>100.00</percindex>
      <caracteristica>N</caracteristica>
      <percprovcred>0.00</percprovcred>
      <classeoperacao>C</classeoperacao>
      <idinternoativo>LFT01032020</idinternoativo>
      <nivelrsc></nivelrsc>
   </titpublico>
   <titpublico>
      <isin>BRSTNCLF1R25</isin>
      <codativo>210100</codativo>
      <cusip></cusip>
      <dtemissao>20140117</dtemissao>
      <dtoperacao>20171017</dtoperacao>
      <dtvencimento>20200301</dtvencimento>
      <qtdisponivel>1.000000000</qtdisponivel>
      <qtgarantia>0.000000000</qtgarantia>
      <depgar>0</depgar>
      <pucompra>9152.90000000</pucompra>
      <puvencimento>0.00000000</puvencimento>
      <puposicao>9258.50000000</puposicao>
      <puemissao>1000.00000000</puemissao>
      <principal>9152.90</principal>
      <tributos>0.00</tributos>
      <valorfindisp>9258.50</valorfindisp>
      <valorfinemgar>0.00</valorfinemgar>
      <coupom>0.00</coupom>
      <indexador>DI1</indexador>
      <percindex>100.00</percindex>
      <caracteristica>N</caracteristica>
      <percprovcred>0.00</percprovcred>
      <classeoperacao>C</classeoperacao>
      <idinternoativo>LFT01032020</idinternoativo>
      <nivelrsc></nivelrsc>
   </titpublico>
   <titpublico>
      <isin>BRSTNCLF1R66</isin>
      <codativo>210100</codativo>
      <cusip></cusip>
      <dtemissao>20160108</dtemissao>
      <dtoperacao>20171122</dtoperacao>
      <dtvencimento>20220301</dtvencimento>
      <qtdisponivel>6.000000000</qtdisponivel>
      <qtgarantia>0.000000000</qtgarantia>
      <depgar>0</depgar>
      <pucompra>9215.25444444</pucompra>
      <puvencimento>0.00000000</puvencimento>
      <puposicao>9257.39000000</puposicao>
      <puemissao>1000.00000000</puemissao>
      <principal>55291.53</principal>
      <tributos>0.00</tributos>
      <valorfindisp>55544.34</valorfindisp>
      <valorfinemgar>0.00</valorfinemgar>
      <coupom>0.00</coupom>
      <indexador>DI1</indexador>
      <percindex>100.00</percindex>
      <caracteristica>N</caracteristica>
      <percprovcred>0.00</percprovcred>
      <classeoperacao>C</classeoperacao>
      <idinternoativo>LFT01032022</idinternoativo>
      <nivelrsc></nivelrsc>
   </titpublico>
   <titpublico>
      <isin>BRSTNCLF1R66</isin>
      <codativo>210100</codativo>
      <cusip></cusip>
      <dtemissao>20160108</dtemissao>
      <dtoperacao>20171127</dtoperacao>
      <dtvencimento>20220301</dtvencimento>
      <qtdisponivel>7.000000000</qtdisponivel>
      <qtgarantia>0.000000000</qtgarantia>
      <depgar>0</depgar>
      <pucompra>9223.09857143</pucompra>
      <puvencimento>0.00000000</puvencimento>
      <puposicao>9257.39142857</puposicao>
      <puemissao>1000.00000000</puemissao>
      <principal>64561.69</principal>
      <tributos>0.00</tributos>
      <valorfindisp>64801.74</valorfindisp>
      <valorfinemgar>0.00</valorfinemgar>
      <coupom>0.00</coupom>
      <indexador>DI1</indexador>
      <percindex>100.00</percindex>
      <caracteristica>N</caracteristica>
      <percprovcred>0.00</percprovcred>
      <classeoperacao>C</classeoperacao>
      <idinternoativo>LFT01032022</idinternoativo>
      <nivelrsc></nivelrsc>
   </titpublico>
   <titpublico>
      <isin>BRSTNCLF1R82</isin>
      <codativo>210100</codativo>
      <cusip></cusip>
      <dtemissao>20170113</dtemissao>
      <dtoperacao>20171017</dtoperacao>
      <dtvencimento>20230301</dtvencimento>
      <qtdisponivel>10.000000000</qtdisponivel>
      <qtgarantia>0.000000000</qtgarantia>
      <depgar>0</depgar>
      <pucompra>9151.45444444</pucompra>
      <puvencimento>0.00000000</puvencimento>
      <puposicao>9257.55700000</puposicao>
      <puemissao>1000.00000000</puemissao>
      <principal>91514.54</principal>
      <tributos>0.00</tributos>
      <valorfindisp>92575.57</valorfindisp>
      <valorfinemgar>0.00</valorfinemgar>
      <coupom>0.00</coupom>
      <indexador>DI1</indexador>
      <percindex>100.00</percindex>
      <caracteristica>N</caracteristica>
      <percprovcred>0.00</percprovcred>
      <classeoperacao>C</classeoperacao>
      <idinternoativo>LFT01032023</idinternoativo>
      <nivelrsc></nivelrsc>
   </titpublico>
   <titpublico>
      <isin>BRSTNCLF1R58</isin>
      <codativo>210100</codativo>
      <cusip></cusip>
      <dtemissao>20150508</dtemissao>
      <dtoperacao>20170818</dtoperacao>
      <dtvencimento>20210901</dtvencimento>
      <qtdisponivel>10.000000000</qtdisponivel>
      <qtgarantia>0.000000000</qtgarantia>
      <depgar>0</depgar>
      <pucompra>9032.85500000</pucompra>
      <puvencimento>0.00000000</puvencimento>
      <puposicao>9257.77000000</puposicao>
      <puemissao>1000.00000000</puemissao>
      <principal>90328.55</principal>
      <tributos>0.00</tributos>
      <valorfindisp>92577.70</valorfindisp>
      <valorfinemgar>0.00</valorfinemgar>
      <coupom>0.00</coupom>
      <indexador>DI1</indexador>
      <percindex>100.00</percindex>
      <caracteristica>N</caracteristica>
      <percprovcred>0.00</percprovcred>
      <classeoperacao>C</classeoperacao>
      <idinternoativo>LFT01092021</idinternoativo>
      <nivelrsc></nivelrsc>
   </titpublico>
   <titpublico>
      <isin>BRSTNCLF1R58</isin>
      <codativo>210100</codativo>
      <cusip></cusip>
      <dtemissao>20150508</dtemissao>
      <dtoperacao>20171017</dtoperacao>
      <dtvencimento>20210901</dtvencimento>
      <qtdisponivel>1.000000000</qtdisponivel>
      <qtgarantia>0.000000000</qtgarantia>
      <depgar>0</depgar>
      <pucompra>9151.75000000</pucompra>
      <puvencimento>0.00000000</puvencimento>
      <puposicao>9257.77000000</puposicao>
      <puemissao>1000.00000000</puemissao>
      <principal>9151.75</principal>
      <tributos>0.00</tributos>
      <valorfindisp>9257.77</valorfindisp>
      <valorfinemgar>0.00</valorfinemgar>
      <coupom>0.00</coupom>
      <indexador>DI1</indexador>
      <percindex>100.00</percindex>
      <caracteristica>N</caracteristica>
      <percprovcred>0.00</percprovcred>
      <classeoperacao>C</classeoperacao>
      <idinternoativo>LFT01092021</idinternoativo>
      <nivelrsc></nivelrsc>
   </titpublico>
   <titpublico>
      <isin>BRSTNCLF1R74</isin>
      <codativo>210100</codativo>
      <cusip></cusip>
      <dtemissao>20160708</dtemissao>
      <dtoperacao>20170825</dtoperacao>
      <dtvencimento>20220901</dtvencimento>
      <qtdisponivel>6.000000000</qtdisponivel>
      <qtgarantia>0.000000000</qtgarantia>
      <depgar>0</depgar>
      <pucompra>9047.81500000</pucompra>
      <puvencimento>0.00000000</puvencimento>
      <puposicao>9257.29833333</puposicao>
      <puemissao>1000.00000000</puemissao>
      <principal>54286.89</principal>
      <tributos>0.00</tributos>
      <valorfindisp>55543.79</valorfindisp>
      <valorfinemgar>0.00</valorfinemgar>
      <coupom>0.00</coupom>
      <indexador>DI1</indexador>
      <percindex>100.00</percindex>
      <caracteristica>N</caracteristica>
      <percprovcred>0.00</percprovcred>
      <classeoperacao>C</classeoperacao>
      <idinternoativo>LFT01092022</idinternoativo>
      <nivelrsc></nivelrsc>
   </titpublico>
   <titpublico>
      <isin>BRSTNCLF1R74</isin>
      <codativo>210100</codativo>
      <cusip></cusip>
      <dtemissao>20160708</dtemissao>
      <dtoperacao>20171017</dtoperacao>
      <dtvencimento>20220901</dtvencimento>
      <qtdisponivel>20.000000000</qtdisponivel>
      <qtgarantia>0.000000000</qtgarantia>
      <depgar>0</depgar>
      <pucompra>9151.56450000</pucompra>
      <puvencimento>0.00000000</puvencimento>
      <puposicao>9257.29800000</puposicao>
      <puemissao>1000.00000000</puemissao>
      <principal>183031.29</principal>
      <tributos>0.00</tributos>
      <valorfindisp>185145.96</valorfindisp>
      <valorfinemgar>0.00</valorfinemgar>
      <coupom>0.00</coupom>
      <indexador>DI1</indexador>
      <percindex>100.00</percindex>
      <caracteristica>N</caracteristica>
      <percprovcred>0.00</percprovcred>
      <classeoperacao>C</classeoperacao>
      <idinternoativo>LFT01092022</idinternoativo>
      <nivelrsc></nivelrsc>
   </titpublico>
   <titpublico>
      <isin>BRSTNCLF1R74</isin>
      <codativo>210100</codativo>
      <cusip></cusip>
      <dtemissao>20160708</dtemissao>
      <dtoperacao>20171129</dtoperacao>
      <dtvencimento>20220901</dtvencimento>
      <qtdisponivel>2.000000000</qtdisponivel>
      <qtgarantia>0.000000000</qtgarantia>
      <depgar>0</depgar>
      <pucompra>9229.38000000</pucompra>
      <puvencimento>0.00000000</puvencimento>
      <puposicao>9257.30000000</puposicao>
      <puemissao>1000.00000000</puemissao>
      <principal>18458.76</principal>
      <tributos>0.00</tributos>
      <valorfindisp>18514.60</valorfindisp>
      <valorfinemgar>0.00</valorfinemgar>
      <coupom>0.00</coupom>
      <indexador>DI1</indexador>
      <percindex>100.00</percindex>
      <caracteristica>N</caracteristica>
      <percprovcred>0.00</percprovcred>
      <classeoperacao>C</classeoperacao>
      <idinternoativo>LFT01092022</idinternoativo>
      <nivelrsc></nivelrsc>
   </titpublico>
   <titpublico>
      <isin>BRSTNCLTN6W5</isin>
      <codativo>100000</codativo>
      <cusip></cusip>
      <dtemissao>19010101</dtemissao>
      <dtoperacao>20171214</dtoperacao>
      <dtvencimento>19010101</dtvencimento>
      <qtdisponivel>271.000000000</qtdisponivel>
      <qtgarantia>0.000000000</qtgarantia>
      <depgar>0</depgar>
      <pucompra>945.13339483</pucompra>
      <puvencimento>0.00000000</puvencimento>
      <puposicao>945.13339483</puposicao>
      <puemissao>0.00000000</puemissao>
      <principal>256131.15</principal>
      <tributos>0.00</tributos>
      <valorfindisp>256131.15</valorfindisp>
      <valorfinemgar>0.00</valorfinemgar>
      <coupom>0.00</coupom>
      <indexador>DI1</indexador>
      <percindex>0.00</percindex>
      <caracteristica>N</caracteristica>
      <percprovcred>0.00</percprovcred>
         <compromisso>
            <dtretorno>20171215</dtretorno>
            <puretorno>945.36959410</puretorno>
            <indexadorcomp>PRE</indexadorcomp>
            <perindexcomp>100.00</perindexcomp>
            <txoperacao>6.50</txoperacao>
            <classecomp>C</classecomp>
         </compromisso>
      <classeoperacao>C</classeoperacao>
      <idinternoativo>LTN(100000)</idinternoativo>
      <nivelrsc></nivelrsc>
   </titpublico>
   <titpublico>
      <isin>BRSTNCNTB4O9</isin>
      <codativo>760199</codativo>
      <cusip></cusip>
      <dtemissao>20000715</dtemissao>
      <dtoperacao>20170306</dtoperacao>
      <dtvencimento>20230515</dtvencimento>
      <qtdisponivel>26.000000000</qtdisponivel>
      <qtgarantia>0.000000000</qtgarantia>
      <depgar>0</depgar>
      <pucompra>3122.99552795</pucompra>
      <puvencimento>0.00000000</puvencimento>
      <puposicao>3179.42538462</puposicao>
      <puemissao>0.00000000</puemissao>
      <principal>81197.88</principal>
      <tributos>0.00</tributos>
      <valorfindisp>82665.06</valorfindisp>
      <valorfinemgar>0.00</valorfinemgar>
      <coupom>0.00</coupom>
      <indexador>IPC</indexador>
      <percindex>0.00</percindex>
      <caracteristica>N</caracteristica>
      <percprovcred>0.00</percprovcred>
      <classeoperacao>C</classeoperacao>
      <idinternoativo>NTNB15052023</idinternoativo>
      <nivelrsc></nivelrsc>
   </titpublico>
   <titpublico>
      <isin>BRSTNCNTB4U6</isin>
      <codativo>760199</codativo>
      <cusip></cusip>
      <dtemissao>20000715</dtemissao>
      <dtoperacao>20171002</dtoperacao>
      <dtvencimento>20260815</dtvencimento>
      <qtdisponivel>6.000000000</qtdisponivel>
      <qtgarantia>0.000000000</qtgarantia>
      <depgar>0</depgar>
      <pucompra>3299.31500000</pucompra>
      <puvencimento>0.00000000</puvencimento>
      <puposicao>3250.10166667</puposicao>
      <puemissao>1000.00000000</puemissao>
      <principal>19795.89</principal>
      <tributos>0.00</tributos>
      <valorfindisp>19500.61</valorfindisp>
      <valorfinemgar>0.00</valorfinemgar>
      <coupom>0.00</coupom>
      <indexador></indexador>
      <percindex>100.00</percindex>
      <caracteristica>N</caracteristica>
      <percprovcred>0.00</percprovcred>
      <classeoperacao>C</classeoperacao>
      <idinternoativo>NTNB15082026</idinternoativo>
      <nivelrsc></nivelrsc>
   </titpublico>
   <acoes>
      <isin>BRABCBACNPR4</isin>
      <cusip></cusip>
      <codativo>ABCB4</codativo>
      <qtdisponivel>3500.000000000</qtdisponivel>
      <lote>1</lote>
      <qtgarantia>0.000000000</qtgarantia>
      <valorfindisp>53305.00</valorfindisp>
      <valorfinemgar>0.00</valorfinemgar>
      <tributos>0.00</tributos>
      <puposicao>15.23000000</puposicao>
      <percprovcred>0.00</percprovcred>
      <tpconta>1</tpconta>
      <classeoperacao>C</classeoperacao>
      <dtvencalug></dtvencalug>
      <txalug>0.00</txalug>
      <cnpjinter></cnpjinter>
   </acoes>
   <acoes>
      <isin>BRBBDCACNPR8</isin>
      <cusip></cusip>
      <codativo>BBDC4</codativo>
      <qtdisponivel>400.000000000</qtdisponivel>
      <lote>1</lote>
      <qtgarantia>0.000000000</qtgarantia>
      <valorfindisp>13112.00</valorfindisp>
      <valorfinemgar>0.00</valorfinemgar>
      <tributos>0.00</tributos>
      <puposicao>32.78000000</puposicao>
      <percprovcred>0.00</percprovcred>
      <tpconta>1</tpconta>
      <classeoperacao>T</classeoperacao>
      <dtvencalug>20180111</dtvencalug>
      <txalug>0.43</txalug>
      <cnpjinter>00806535000154</cnpjinter>
   </acoes>
   <acoes>
      <isin>BRBBDCACNPR8</isin>
      <cusip></cusip>
      <codativo>BBDC4</codativo>
      <qtdisponivel>15600.000000000</qtdisponivel>
      <lote>1</lote>
      <qtgarantia>400.000000000</qtgarantia>
      <valorfindisp>511368.00</valorfindisp>
      <valorfinemgar>13112.00</valorfinemgar>
      <tributos>0.00</tributos>
      <puposicao>32.78000000</puposicao>
      <percprovcred>0.00</percprovcred>
      <tpconta>1</tpconta>
      <classeoperacao>V</classeoperacao>
      <dtvencalug></dtvencalug>
      <txalug>0.00</txalug>
      <cnpjinter></cnpjinter>
   </acoes>
   <acoes>
      <isin>BRCSNAACNOR6</isin>
      <cusip></cusip>
      <codativo>CSNA3</codativo>
      <qtdisponivel>0.000000000</qtdisponivel>
      <lote>1</lote>
      <qtgarantia>0.000000000</qtgarantia>
      <valorfindisp>0.00</valorfindisp>
      <valorfinemgar>0.00</valorfinemgar>
      <tributos>0.00</tributos>
      <puposicao>0.00000000</puposicao>
      <percprovcred>0.00</percprovcred>
      <tpconta>1</tpconta>
      <classeoperacao>C</classeoperacao>
      <dtvencalug></dtvencalug>
      <txalug>0.00</txalug>
      <cnpjinter></cnpjinter>
   </acoes>
   <acoes>
      <isin>BRCSNAACNOR6</isin>
      <cusip></cusip>
      <codativo>CSNA3</codativo>
      <qtdisponivel>8000.000000000</qtdisponivel>
      <lote>1</lote>
      <qtgarantia>0.000000000</qtgarantia>
      <valorfindisp>61120.00</valorfindisp>
      <valorfinemgar>0.00</valorfinemgar>
      <tributos>0.00</tributos>
      <puposicao>7.64000000</puposicao>
      <percprovcred>0.00</percprovcred>
      <tpconta>1</tpconta>
      <classeoperacao>T</classeoperacao>
      <dtvencalug>20180115</dtvencalug>
      <txalug>1.95</txalug>
      <cnpjinter>00806535000154</cnpjinter>
   </acoes>
   <acoes>
      <isin>BRITUBACNPR1</isin>
      <cusip></cusip>
      <codativo>ITUB4</codativo>
      <qtdisponivel>700.000000000</qtdisponivel>
      <lote>1</lote>
      <qtgarantia>0.000000000</qtgarantia>
      <valorfindisp>28763.00</valorfindisp>
      <valorfinemgar>0.00</valorfinemgar>
      <tributos>0.00</tributos>
      <puposicao>41.09000000</puposicao>
      <percprovcred>0.00</percprovcred>
      <tpconta>1</tpconta>
      <classeoperacao>T</classeoperacao>
      <dtvencalug>20171220</dtvencalug>
      <txalug>0.40</txalug>
      <cnpjinter>00806535000154</cnpjinter>
   </acoes>
   <acoes>
      <isin>BRITUBACNPR1</isin>
      <cusip></cusip>
      <codativo>ITUB4</codativo>
      <qtdisponivel>8000.000000000</qtdisponivel>
      <lote>1</lote>
      <qtgarantia>0.000000000</qtgarantia>
      <valorfindisp>328720.00</valorfindisp>
      <valorfinemgar>0.00</valorfinemgar>
      <tributos>0.00</tributos>
      <puposicao>41.09000000</puposicao>
      <percprovcred>0.00</percprovcred>
      <tpconta>1</tpconta>
      <classeoperacao>T</classeoperacao>
      <dtvencalug>20180110</dtvencalug>
      <txalug>0.40</txalug>
      <cnpjinter>00806535000154</cnpjinter>
   </acoes>
   <acoes>
      <isin>BRITUBACNPR1</isin>
      <cusip></cusip>
      <codativo>ITUB4</codativo>
      <qtdisponivel>0.000000000</qtdisponivel>
      <lote>1</lote>
      <qtgarantia>0.000000000</qtgarantia>
      <valorfindisp>0.00</valorfindisp>
      <valorfinemgar>0.00</valorfinemgar>
      <tributos>0.00</tributos>
      <puposicao>41.09000000</puposicao>
      <percprovcred>0.00</percprovcred>
      <tpconta>1</tpconta>
      <classeoperacao>T</classeoperacao>
      <dtvencalug>20180108</dtvencalug>
      <txalug>0.42</txalug>
      <cnpjinter>00806535000154</cnpjinter>
   </acoes>
   <acoes>
      <isin>BRITUBACNPR1</isin>
      <cusip></cusip>
      <codativo>ITUB4</codativo>
      <qtdisponivel>5600.000000000</qtdisponivel>
      <lote>1</lote>
      <qtgarantia>0.000000000</qtgarantia>
      <valorfindisp>230104.00</valorfindisp>
      <valorfinemgar>0.00</valorfinemgar>
      <tributos>0.00</tributos>
      <puposicao>41.09000000</puposicao>
      <percprovcred>0.00</percprovcred>
      <tpconta>1</tpconta>
      <classeoperacao>T</classeoperacao>
      <dtvencalug>20171222</dtvencalug>
      <txalug>0.37</txalug>
      <cnpjinter>00806535000154</cnpjinter>
   </acoes>
   <acoes>
      <isin>BRITUBACNPR1</isin>
      <cusip></cusip>
      <codativo>ITUB4</codativo>
      <qtdisponivel>0.000000000</qtdisponivel>
      <lote>1</lote>
      <qtgarantia>0.000000000</qtgarantia>
      <valorfindisp>0.00</valorfindisp>
      <valorfinemgar>0.00</valorfinemgar>
      <tributos>0.00</tributos>
      <puposicao>41.09000000</puposicao>
      <percprovcred>0.00</percprovcred>
      <tpconta>1</tpconta>
      <classeoperacao>T</classeoperacao>
      <dtvencalug>20180115</dtvencalug>
      <txalug>0.42</txalug>
      <cnpjinter>00806535000154</cnpjinter>
   </acoes>
   <acoes>
      <isin>BRITUBACNPR1</isin>
      <cusip></cusip>
      <codativo>ITUB4</codativo>
      <qtdisponivel>12800.000000000</qtdisponivel>
      <lote>1</lote>
      <qtgarantia>0.000000000</qtgarantia>
      <valorfindisp>525952.00</valorfindisp>
      <valorfinemgar>0.00</valorfinemgar>
      <tributos>0.00</tributos>
      <puposicao>41.09000000</puposicao>
      <percprovcred>0.00</percprovcred>
      <tpconta>1</tpconta>
      <classeoperacao>C</classeoperacao>
      <dtvencalug></dtvencalug>
      <txalug>0.00</txalug>
      <cnpjinter></cnpjinter>
   </acoes>
   <acoes>
      <isin>BRPETRACNPR6</isin>
      <cusip></cusip>
      <codativo>PETR4</codativo>
      <qtdisponivel>8000.000000000</qtdisponivel>
      <lote>1</lote>
      <qtgarantia>0.000000000</qtgarantia>
      <valorfindisp>120080.00</valorfindisp>
      <valorfinemgar>0.00</valorfinemgar>
      <tributos>0.00</tributos>
      <puposicao>15.01000000</puposicao>
      <percprovcred>0.00</percprovcred>
      <tpconta>1</tpconta>
      <classeoperacao>C</classeoperacao>
      <dtvencalug></dtvencalug>
      <txalug>0.00</txalug>
      <cnpjinter></cnpjinter>
   </acoes>
   <acoes>
      <isin>BRRADLACNOR0</isin>
      <cusip></cusip>
      <codativo>RADL3</codativo>
      <qtdisponivel>0.000000000</qtdisponivel>
      <lote>1</lote>
      <qtgarantia>0.000000000</qtgarantia>
      <valorfindisp>0.00</valorfindisp>
      <valorfinemgar>0.00</valorfinemgar>
      <tributos>0.00</tributos>
      <puposicao>0.00000000</puposicao>
      <percprovcred>0.00</percprovcred>
      <tpconta>1</tpconta>
      <classeoperacao>C</classeoperacao>
      <dtvencalug></dtvencalug>
      <txalug>0.00</txalug>
      <cnpjinter></cnpjinter>
   </acoes>
   <acoes>
      <isin>BRRADLACNOR0</isin>
      <cusip></cusip>
      <codativo>RADL3</codativo>
      <qtdisponivel>0.000000000</qtdisponivel>
      <lote>1</lote>
      <qtgarantia>0.000000000</qtgarantia>
      <valorfindisp>0.00</valorfindisp>
      <valorfinemgar>0.00</valorfinemgar>
      <tributos>0.00</tributos>
      <puposicao>86.69000000</puposicao>
      <percprovcred>0.00</percprovcred>
      <tpconta>1</tpconta>
      <classeoperacao>T</classeoperacao>
      <dtvencalug>20171026</dtvencalug>
      <txalug>1.00</txalug>
      <cnpjinter>00806535000154</cnpjinter>
   </acoes>
   <acoes>
      <isin>US74348A1604</isin>
      <cusip></cusip>
      <codativo>SQQQ</codativo>
      <qtdisponivel>700.000000000</qtdisponivel>
      <lote>1</lote>
      <qtgarantia>0.000000000</qtgarantia>
      <valorfindisp>48928.04</valorfindisp>
      <valorfinemgar>0.00</valorfinemgar>
      <tributos>0.00</tributos>
      <puposicao>69.89720000</puposicao>
      <percprovcred>0.00</percprovcred>
      <tpconta>1</tpconta>
      <classeoperacao>C</classeoperacao>
      <dtvencalug></dtvencalug>
      <txalug>0.00</txalug>
      <cnpjinter></cnpjinter>
   </acoes>
   <opcoesacoes>
      <isin>BRCSNA3X0BU9</isin>
      <cusip></cusip>
      <codativo>CSNAX74</codativo>
      <ativobase>CSNA3</ativobase>
      <qtdisponivel>16000.000000000</qtdisponivel>
      <valorfinanceiro>480.00</valorfinanceiro>
      <precoexercicio>7.40000000</precoexercicio>
      <dtvencimento>20171218</dtvencimento>
      <classeoperacao>C</classeoperacao>
      <tributos>0.00</tributos>
      <puposicao>0.03000000</puposicao>
      <premio>3527.52</premio>
      <percprovcred>0.00</percprovcred>
      <tpconta>1</tpconta>
      <hedge>N</hedge>
      <tphedge>0</tphedge>
   </opcoesacoes>
   <opcoesacoes>
      <isin>BRCSNA3X0B52</isin>
      <cusip></cusip>
      <codativo>CSNAX76</codativo>
      <ativobase>CSNA3</ativobase>
      <qtdisponivel>24000.000000000</qtdisponivel>
      <valorfinanceiro>3840.00</valorfinanceiro>
      <precoexercicio>7.60000000</precoexercicio>
      <dtvencimento>20171218</dtvencimento>
      <classeoperacao>C</classeoperacao>
      <tributos>0.00</tributos>
      <puposicao>0.16000000</puposicao>
      <premio>4327.91</premio>
      <percprovcred>0.00</percprovcred>
      <tpconta>1</tpconta>
      <hedge>N</hedge>
      <tphedge>0</tphedge>
   </opcoesacoes>
   <opcoesacoes>
      <isin></isin>
      <cusip></cusip>
      <codativo>EWZ US</codativo>
      <ativobase>EWZ US</ativobase>
      <qtdisponivel>1000.000000000</qtdisponivel>
      <valorfinanceiro>2533.23</valorfinanceiro>
      <precoexercicio>38.00000000</precoexercicio>
      <dtvencimento>20171215</dtvencimento>
      <classeoperacao>C</classeoperacao>
      <tributos>0.00</tributos>
      <puposicao>2.53000000</puposicao>
      <premio>884.80</premio>
      <percprovcred>0.00</percprovcred>
      <tpconta>1</tpconta>
      <hedge>N</hedge>
      <tphedge>0</tphedge>
   </opcoesacoes>
   <opcoesacoes>
      <isin></isin>
      <cusip></cusip>
      <codativo>PBR US</codativo>
      <ativobase>PBR US</ativobase>
      <qtdisponivel>2000.000000000</qtdisponivel>
      <valorfinanceiro>466.65</valorfinanceiro>
      <precoexercicio>9.50000000</precoexercicio>
      <dtvencimento>20171215</dtvencimento>
      <classeoperacao>C</classeoperacao>
      <tributos>0.00</tributos>
      <puposicao>0.23000000</puposicao>
      <premio>554.44</premio>
      <percprovcred>0.00</percprovcred>
      <tpconta>1</tpconta>
      <hedge>N</hedge>
      <tphedge>0</tphedge>
   </opcoesacoes>
   <opcoesacoes>
      <isin>BRPETR4L0MG1</isin>
      <cusip></cusip>
      <codativo>PETRL65</codativo>
      <ativobase>PETR4</ativobase>
      <qtdisponivel>40000.000000000</qtdisponivel>
      <valorfinanceiro>800.00</valorfinanceiro>
      <precoexercicio>15.75000000</precoexercicio>
      <dtvencimento>20171218</dtvencimento>
      <classeoperacao>C</classeoperacao>
      <tributos>0.00</tributos>
      <puposicao>0.02000000</puposicao>
      <premio>10421.45</premio>
      <percprovcred>0.00</percprovcred>
      <tpconta>1</tpconta>
      <hedge>N</hedge>
      <tphedge>0</tphedge>
   </opcoesacoes>
   <opcoesacoes>
      <isin>BRPETR4L0MU2</isin>
      <cusip></cusip>
      <codativo>PETRL85</codativo>
      <ativobase>PETR4</ativobase>
      <qtdisponivel>24000.000000000</qtdisponivel>
      <valorfinanceiro>240.00</valorfinanceiro>
      <precoexercicio>16.50000000</precoexercicio>
      <dtvencimento>20171218</dtvencimento>
      <classeoperacao>C</classeoperacao>
      <tributos>0.00</tributos>
      <puposicao>0.01000000</puposicao>
      <premio>5528.79</premio>
      <percprovcred>0.00</percprovcred>
      <tpconta>1</tpconta>
      <hedge>N</hedge>
      <tphedge>0</tphedge>
   </opcoesacoes>
   <opcoesacoes>
      <isin>BRPETR4X0MX2</isin>
      <cusip></cusip>
      <codativo>PETRX15</codativo>
      <ativobase>PETR4</ativobase>
      <qtdisponivel>28000.000000000</qtdisponivel>
      <valorfinanceiro>3640.00</valorfinanceiro>
      <precoexercicio>15.00000000</precoexercicio>
      <dtvencimento>20171218</dtvencimento>
      <classeoperacao>C</classeoperacao>
      <tributos>0.00</tributos>
      <puposicao>0.13000000</puposicao>
      <premio>2203.56</premio>
      <percprovcred>0.00</percprovcred>
      <tpconta>1</tpconta>
      <hedge>N</hedge>
      <tphedge>0</tphedge>
   </opcoesacoes>
   <opcoesacoes>
      <isin></isin>
      <cusip></cusip>
      <codativo>QQQ US</codativo>
      <ativobase>QQQ US</ativobase>
      <qtdisponivel>5000.000000000</qtdisponivel>
      <valorfinanceiro>166.66</valorfinanceiro>
      <precoexercicio>154.00000000</precoexercicio>
      <dtvencimento>20171215</dtvencimento>
      <classeoperacao>C</classeoperacao>
      <tributos>0.00</tributos>
      <puposicao>0.03000000</puposicao>
      <premio>4281.46</premio>
      <percprovcred>0.00</percprovcred>
      <tpconta>1</tpconta>
      <hedge>N</hedge>
      <tphedge>0</tphedge>
   </opcoesacoes>
   <opcoesacoes>
      <isin>BRRADL3M02G3</isin>
      <cusip></cusip>
      <codativo>RADLM81</codativo>
      <ativobase>RADL3</ativobase>
      <qtdisponivel>10000.000000000</qtdisponivel>
      <valorfinanceiro>8600.00</valorfinanceiro>
      <precoexercicio>81.00000000</precoexercicio>
      <dtvencimento>20180115</dtvencimento>
      <classeoperacao>C</classeoperacao>
      <tributos>0.00</tributos>
      <puposicao>0.86000000</puposicao>
      <premio>8614.28</premio>
      <percprovcred>0.00</percprovcred>
      <tpconta>1</tpconta>
      <hedge>N</hedge>
      <tphedge>0</tphedge>
   </opcoesacoes>
   <opcoesacoes>
      <isin>BRRADL3X04F8</isin>
      <cusip></cusip>
      <codativo>RADLX84</codativo>
      <ativobase>RADL3</ativobase>
      <qtdisponivel>20000.000000000</qtdisponivel>
      <valorfinanceiro>13600.00</valorfinanceiro>
      <precoexercicio>84.48000000</precoexercicio>
      <dtvencimento>20171218</dtvencimento>
      <classeoperacao>C</classeoperacao>
      <tributos>0.00</tributos>
      <puposicao>0.68000000</puposicao>
      <premio>18285.39</premio>
      <percprovcred>0.00</percprovcred>
      <tpconta>1</tpconta>
      <hedge>N</hedge>
      <tphedge>0</tphedge>
   </opcoesacoes>
   <opcoesacoes>
      <isin>US91912E1055</isin>
      <cusip></cusip>
      <codativo>VALE US</codativo>
      <ativobase>VALE US</ativobase>
      <qtdisponivel>5000.000000000</qtdisponivel>
      <valorfinanceiro>3666.52</valorfinanceiro>
      <precoexercicio>11.00000000</precoexercicio>
      <dtvencimento>20171215</dtvencimento>
      <classeoperacao>C</classeoperacao>
      <tributos>0.00</tributos>
      <puposicao>0.73000000</puposicao>
      <premio>2284.70</premio>
      <percprovcred>0.00</percprovcred>
      <tpconta>1</tpconta>
      <hedge>N</hedge>
      <tphedge>0</tphedge>
   </opcoesacoes>
   <opcoesacoes>
      <isin>BRVALE3L06K1</isin>
      <cusip></cusip>
      <codativo>VALEL37</codativo>
      <ativobase>VALE3</ativobase>
      <qtdisponivel>20000.000000000</qtdisponivel>
      <valorfinanceiro>1400.00</valorfinanceiro>
      <precoexercicio>37.01000000</precoexercicio>
      <dtvencimento>20171218</dtvencimento>
      <classeoperacao>C</classeoperacao>
      <tributos>0.00</tributos>
      <puposicao>0.07000000</puposicao>
      <premio>0.00</premio>
      <percprovcred>0.00</percprovcred>
      <tpconta>1</tpconta>
      <hedge>N</hedge>
      <tphedge>0</tphedge>
   </opcoesacoes>
   <opcoesacoes>
      <isin>BRVALE3L0490</isin>
      <cusip></cusip>
      <codativo>VALEL387</codativo>
      <ativobase>VALE3</ativobase>
      <qtdisponivel>40000.000000000</qtdisponivel>
      <valorfinanceiro>400.00</valorfinanceiro>
      <precoexercicio>38.90000000</precoexercicio>
      <dtvencimento>20171218</dtvencimento>
      <classeoperacao>C</classeoperacao>
      <tributos>0.00</tributos>
      <puposicao>0.01000000</puposicao>
      <premio>8665.38</premio>
      <percprovcred>0.00</percprovcred>
      <tpconta>1</tpconta>
      <hedge>N</hedge>
      <tphedge>0</tphedge>
   </opcoesacoes>
   <futuros>
      <isin></isin>
      <ativo>WDO</ativo>
      <cnpjcorretora>00806535000154</cnpjcorretora>
      <serie>F18</serie>
      <quantidade>10.000000000</quantidade>
      <vltotalpos>0.00</vltotalpos>
      <tributos>0.00</tributos>
      <dtvencimento>20180102</dtvencimento>
      <vlajuste>-2451.90</vlajuste>
      <classeoperacao>V</classeoperacao>
      <hedge>N</hedge>
      <tphedge>0</tphedge>
   </futuros>
   <caixa>
      <isininstituicao>BRBBDC</isininstituicao>
      <tpconta>D</tpconta>
      <saldo>1382.56</saldo>
      <nivelrsc>BB</nivelrsc>
   </caixa>
   <cotas>
      <isin>BR**********</isin>
      <cnpjfundo>22175345000119</cnpjfundo>
      <qtdisponivel>5.571140760</qtdisponivel>
      <qtgarantia>0.000000000</qtgarantia>
      <puposicao>37139.48639983</puposicao>
      <tributos>0.00</tributos>
      <nivelrsc></nivelrsc>
   </cotas>
   <cotas>
      <isin>BR**********</isin>
      <cnpjfundo>22175345000119</cnpjfundo>
      <qtdisponivel>3.087311000</qtdisponivel>
      <qtgarantia>0.000000000</qtgarantia>
      <puposicao>35363.68548269</puposicao>
      <tributos>0.00</tributos>
      <nivelrsc></nivelrsc>
   </cotas>
   <cotas>
      <isin>BR**********</isin>
      <cnpjfundo>27500387000100</cnpjfundo>
      <qtdisponivel>275920.108345600</qtdisponivel>
      <qtgarantia>0.000000000</qtgarantia>
      <puposicao>1.15700796</puposicao>
      <tributos>0.00</tributos>
      <nivelrsc></nivelrsc>
   </cotas>
   <despesas>
      <txadm>904.02</txadm>
      <tributos>0.00</tributos>
      <perctaxaadm>0.53000000</perctaxaadm>
      <txperf>N</txperf>
      <vltxperf>0.00</vltxperf>
      <perctxperf>0.00000000</perctxperf>
      <percindex>0.00000000</percindex>
      <outtax>0.00</outtax>
      <indexador></indexador>
   </despesas>
   <outrasdespesas>
      <coddesp>999</coddesp>
      <valor>81717.90</valor>
   </outrasdespesas>
   <outrasdespesas>
      <coddesp>999</coddesp>
      <valor>20.00</valor>
   </outrasdespesas>
   <outrasdespesas>
      <coddesp>999</coddesp>
      <valor>7.90</valor>
   </outrasdespesas>
   <outrasdespesas>
      <coddesp>999</coddesp>
      <valor>2784.75</valor>
   </outrasdespesas>
   <outrasdespesas>
      <coddesp>999</coddesp>
      <valor>843.04</valor>
   </outrasdespesas>
   <provisao>
      <codprov>21</codprov>
      <!--Conta Corrente-->
      <credeb>D</credeb>
      <dt>00000000</dt>
      <valor>180643.42</valor>
   </provisao>
   <provisao>
      <codprov>31</codprov>
      <!--Juros s/Emprestimo Acoes - Liquidacao D1-->
      <credeb>D</credeb>
      <dt>20171215</dt>
      <valor>5.10</valor>
   </provisao>
   <provisao>
      <codprov>31</codprov>
      <!--Juros a Pagar s/BTC Tomador-->
      <credeb>D</credeb>
      <dt>20180115</dt>
      <valor>32.45</valor>
   </provisao>
   <provisao>
      <codprov>31</codprov>
      <!--Juros a Pagar s/BTC Tomador-->
      <credeb>D</credeb>
      <dt>20171220</dt>
      <valor>10.67</valor>
   </provisao>
   <provisao>
      <codprov>31</codprov>
      <!--Juros a Pagar s/BTC Tomador-->
      <credeb>D</credeb>
      <dt>20171026</dt>
      <valor>0.00</valor>
   </provisao>
   <provisao>
      <codprov>31</codprov>
      <!--Juros a Pagar s/BTC Tomador-->
      <credeb>D</credeb>
      <dt>20180111</dt>
      <valor>3.74</valor>
   </provisao>
   <provisao>
      <codprov>31</codprov>
      <!--Juros a Pagar s/BTC Tomador-->
      <credeb>D</credeb>
      <dt>20180110</dt>
      <valor>53.43</valor>
   </provisao>
   <provisao>
      <codprov>31</codprov>
      <!--Juros a Pagar s/BTC Tomador-->
      <credeb>D</credeb>
      <dt>20180108</dt>
      <valor>0.00</valor>
   </provisao>
   <provisao>
      <codprov>31</codprov>
      <!--Juros a Pagar s/BTC Tomador-->
      <credeb>D</credeb>
      <dt>20171222</dt>
      <valor>70.59</valor>
   </provisao>
   <provisao>
      <codprov>34</codprov>
      <!--Taxa de Administracao Prevista-->
      <credeb>D</credeb>
      <dt>00000000</dt>
      <valor>437.33</valor>
   </provisao>
   <provisao>
      <codprov>999</codprov>
      <!--Outros-->
      <credeb>C</credeb>
      <dt>20180115</dt>
      <valor>43.79</valor>
   </provisao>
   <provisao>
      <codprov>999</codprov>
      <!--Outros-->
      <credeb>C</credeb>
      <dt>20171215</dt>
      <valor>282185.41</valor>
   </provisao>
   <provisao>
      <codprov>999</codprov>
      <!--Outros-->
      <credeb>C</credeb>
      <dt>20180105</dt>
      <valor>1685.10</valor>
   </provisao>
   <provisao>
      <codprov>999</codprov>
      <!--Outros-->
      <credeb>C</credeb>
      <dt>20180109</dt>
      <valor>574.79</valor>
   </provisao>
</fundo>
</arquivoposicao_4_01>
