<?xml version= "1.0" encoding="UTF-8"?>
<arquivoposicao_4_01>
<fundo>
   <header>
      <isin>BR**********</isin>
      <cnpj>18716438000136</cnpj>
      <nome>OMF FI MULTIMERCADO CP INVESTIMENTO DO EXTERIOR</nome>
      <dtposicao>20171205</dtposicao>
      <nomeadm>PLANNER CORRETORA DE VALORES SA</nomeadm>
      <cnpjadm>00806535000154</cnpjadm>
      <nomegestor>EFIKKA INVESTIMENTOS</nomegestor>
      <cnpjgestor>19569363000170</cnpjgestor>
      <nomecustodiante>PLANNER CV SA</nomecustodiante>
      <cnpjcustodiante>00806535000154</cnpjcustodiante>
      <valorcota>1171.85113160</valorcota>
      <quantidade>8015.879130000</quantidade>
      <patliq>9393417.03</patliq>
      <valorativos>9399332.09</valorativos>
      <valorreceber>870.73</valorreceber>
      <valorpagar>6785.79</valorpagar>
      <vlcotasemitir>0.00</vlcotasemitir>
      <vlcotasresgatar>0.00</vlcotasresgatar>
      <codanbid>361501</codanbid>
      <tipofundo>31</tipofundo>
      <nivelrsc></nivelrsc>
   </header>
   <titpublico>
      <isin>01/03/2018</isin>
      <codativo>210100</codativo>
      <cusip></cusip>
      <dtemissao>20110715</dtemissao>
      <dtoperacao>20170329</dtoperacao>
      <dtvencimento>20180301</dtvencimento>
      <qtdisponivel>1.000000000</qtdisponivel>
      <qtgarantia>0.000000000</qtgarantia>
      <depgar>0</depgar>
      <pucompra>8689.70000000</pucompra>
      <puvencimento>0.00000000</puvencimento>
      <puposicao>9241.42000000</puposicao>
      <puemissao>0.00000000</puemissao>
      <principal>8689.70</principal>
      <tributos>0.00</tributos>
      <valorfindisp>9241.42</valorfindisp>
      <valorfinemgar>0.00</valorfinemgar>
      <coupom>0.00</coupom>
      <indexador></indexador>
      <percindex>100.00</percindex>
      <caracteristica>N</caracteristica>
      <percprovcred>0.00</percprovcred>
      <classeoperacao>C</classeoperacao>
      <idinternoativo>LFT01032018</idinternoativo>
      <nivelrsc></nivelrsc>
   </titpublico>
   <titpublico>
      <isin>BRSTNCLF1R17</isin>
      <codativo>210100</codativo>
      <cusip></cusip>
      <dtemissao>20130719</dtemissao>
      <dtoperacao>20170511</dtoperacao>
      <dtvencimento>20190301</dtvencimento>
      <qtdisponivel>3.000000000</qtdisponivel>
      <qtgarantia>0.000000000</qtgarantia>
      <depgar>0</depgar>
      <pucompra>8794.30000000</pucompra>
      <puvencimento>0.00000000</puvencimento>
      <puposicao>9241.27333333</puposicao>
      <puemissao>1000.00000000</puemissao>
      <principal>26382.90</principal>
      <tributos>0.00</tributos>
      <valorfindisp>27723.82</valorfindisp>
      <valorfinemgar>0.00</valorfinemgar>
      <coupom>0.00</coupom>
      <indexador>DI1</indexador>
      <percindex>100.00</percindex>
      <caracteristica>N</caracteristica>
      <percprovcred>0.00</percprovcred>
      <classeoperacao>C</classeoperacao>
      <idinternoativo>LFT01032019</idinternoativo>
      <nivelrsc></nivelrsc>
   </titpublico>
   <titpublico>
      <isin>BRSTNCLF1R25</isin>
      <codativo>210100</codativo>
      <cusip></cusip>
      <dtemissao>20140117</dtemissao>
      <dtoperacao>20170413</dtoperacao>
      <dtvencimento>20200301</dtvencimento>
      <qtdisponivel>2.000000000</qtdisponivel>
      <qtgarantia>0.000000000</qtgarantia>
      <depgar>0</depgar>
      <pucompra>8727.41500000</pucompra>
      <puvencimento>0.00000000</puvencimento>
      <puposicao>9240.94000000</puposicao>
      <puemissao>1000.00000000</puemissao>
      <principal>17454.83</principal>
      <tributos>0.00</tributos>
      <valorfindisp>18481.88</valorfindisp>
      <valorfinemgar>0.00</valorfinemgar>
      <coupom>0.00</coupom>
      <indexador>DI1</indexador>
      <percindex>100.00</percindex>
      <caracteristica>N</caracteristica>
      <percprovcred>0.00</percprovcred>
      <classeoperacao>C</classeoperacao>
      <idinternoativo>LFT01032020</idinternoativo>
      <nivelrsc></nivelrsc>
   </titpublico>
   <titpublico>
      <isin>BRSTNCLF1R25</isin>
      <codativo>210100</codativo>
      <cusip></cusip>
      <dtemissao>20140117</dtemissao>
      <dtoperacao>20170511</dtoperacao>
      <dtvencimento>20200301</dtvencimento>
      <qtdisponivel>13.000000000</qtdisponivel>
      <qtgarantia>0.000000000</qtgarantia>
      <depgar>0</depgar>
      <pucompra>8789.50615385</pucompra>
      <puvencimento>0.00000000</puvencimento>
      <puposicao>9240.94153846</puposicao>
      <puemissao>1000.00000000</puemissao>
      <principal>114263.58</principal>
      <tributos>0.00</tributos>
      <valorfindisp>120132.24</valorfindisp>
      <valorfinemgar>0.00</valorfinemgar>
      <coupom>0.00</coupom>
      <indexador>DI1</indexador>
      <percindex>100.00</percindex>
      <caracteristica>N</caracteristica>
      <percprovcred>0.00</percprovcred>
      <classeoperacao>C</classeoperacao>
      <idinternoativo>LFT01032020</idinternoativo>
      <nivelrsc></nivelrsc>
   </titpublico>
   <titpublico>
      <isin>BRSTNCLF1R25</isin>
      <codativo>210100</codativo>
      <cusip></cusip>
      <dtemissao>20140117</dtemissao>
      <dtoperacao>20170718</dtoperacao>
      <dtvencimento>20200301</dtvencimento>
      <qtdisponivel>3.000000000</qtdisponivel>
      <qtgarantia>0.000000000</qtgarantia>
      <depgar>0</depgar>
      <pucompra>8960.33666667</pucompra>
      <puvencimento>0.00000000</puvencimento>
      <puposicao>9240.94333333</puposicao>
      <puemissao>1000.00000000</puemissao>
      <principal>26881.01</principal>
      <tributos>0.00</tributos>
      <valorfindisp>27722.83</valorfindisp>
      <valorfinemgar>0.00</valorfinemgar>
      <coupom>0.00</coupom>
      <indexador>DI1</indexador>
      <percindex>100.00</percindex>
      <caracteristica>N</caracteristica>
      <percprovcred>0.00</percprovcred>
      <classeoperacao>C</classeoperacao>
      <idinternoativo>LFT01032020</idinternoativo>
      <nivelrsc></nivelrsc>
   </titpublico>
   <titpublico>
      <isin>BRSTNCLF1R25</isin>
      <codativo>210100</codativo>
      <cusip></cusip>
      <dtemissao>20140117</dtemissao>
      <dtoperacao>20170831</dtoperacao>
      <dtvencimento>20200301</dtvencimento>
      <qtdisponivel>1.000000000</qtdisponivel>
      <qtgarantia>0.000000000</qtgarantia>
      <depgar>0</depgar>
      <pucompra>9063.25000000</pucompra>
      <puvencimento>0.00000000</puvencimento>
      <puposicao>9240.94000000</puposicao>
      <puemissao>1000.00000000</puemissao>
      <principal>9063.25</principal>
      <tributos>0.00</tributos>
      <valorfindisp>9240.94</valorfindisp>
      <valorfinemgar>0.00</valorfinemgar>
      <coupom>0.00</coupom>
      <indexador>DI1</indexador>
      <percindex>100.00</percindex>
      <caracteristica>N</caracteristica>
      <percprovcred>0.00</percprovcred>
      <classeoperacao>C</classeoperacao>
      <idinternoativo>LFT01032020</idinternoativo>
      <nivelrsc></nivelrsc>
   </titpublico>
   <titpublico>
      <isin>BRSTNCLF1R66</isin>
      <codativo>210100</codativo>
      <cusip></cusip>
      <dtemissao>20160108</dtemissao>
      <dtoperacao>20170829</dtoperacao>
      <dtvencimento>20220301</dtvencimento>
      <qtdisponivel>1.000000000</qtdisponivel>
      <qtgarantia>0.000000000</qtgarantia>
      <depgar>0</depgar>
      <pucompra>9054.49954546</pucompra>
      <puvencimento>0.00000000</puvencimento>
      <puposicao>9239.97000000</puposicao>
      <puemissao>1000.00000000</puemissao>
      <principal>9054.50</principal>
      <tributos>0.00</tributos>
      <valorfindisp>9239.97</valorfindisp>
      <valorfinemgar>0.00</valorfinemgar>
      <coupom>0.00</coupom>
      <indexador>DI1</indexador>
      <percindex>100.00</percindex>
      <caracteristica>N</caracteristica>
      <percprovcred>0.00</percprovcred>
      <classeoperacao>C</classeoperacao>
      <idinternoativo>LFT01032022</idinternoativo>
      <nivelrsc></nivelrsc>
   </titpublico>
   <titpublico>
      <isin>BRSTNCLF1R66</isin>
      <codativo>210100</codativo>
      <cusip></cusip>
      <dtemissao>20160108</dtemissao>
      <dtoperacao>20170928</dtoperacao>
      <dtvencimento>20220301</dtvencimento>
      <qtdisponivel>16.000000000</qtdisponivel>
      <qtgarantia>0.000000000</qtgarantia>
      <depgar>0</depgar>
      <pucompra>9117.72000000</pucompra>
      <puvencimento>0.00000000</puvencimento>
      <puposicao>9239.97125000</puposicao>
      <puemissao>1000.00000000</puemissao>
      <principal>145883.52</principal>
      <tributos>0.00</tributos>
      <valorfindisp>147839.54</valorfindisp>
      <valorfinemgar>0.00</valorfinemgar>
      <coupom>0.00</coupom>
      <indexador>DI1</indexador>
      <percindex>100.00</percindex>
      <caracteristica>N</caracteristica>
      <percprovcred>0.00</percprovcred>
      <classeoperacao>C</classeoperacao>
      <idinternoativo>LFT01032022</idinternoativo>
      <nivelrsc></nivelrsc>
   </titpublico>
   <titpublico>
      <isin>BRSTNCLF1R66</isin>
      <codativo>210100</codativo>
      <cusip></cusip>
      <dtemissao>20160108</dtemissao>
      <dtoperacao>20171003</dtoperacao>
      <dtvencimento>20220301</dtvencimento>
      <qtdisponivel>7.000000000</qtdisponivel>
      <qtgarantia>0.000000000</qtgarantia>
      <depgar>0</depgar>
      <pucompra>9126.73714286</pucompra>
      <puvencimento>0.00000000</puvencimento>
      <puposicao>9239.97142857</puposicao>
      <puemissao>1000.00000000</puemissao>
      <principal>63887.16</principal>
      <tributos>0.00</tributos>
      <valorfindisp>64679.80</valorfindisp>
      <valorfinemgar>0.00</valorfinemgar>
      <coupom>0.00</coupom>
      <indexador>DI1</indexador>
      <percindex>100.00</percindex>
      <caracteristica>N</caracteristica>
      <percprovcred>0.00</percprovcred>
      <classeoperacao>C</classeoperacao>
      <idinternoativo>LFT01032022</idinternoativo>
      <nivelrsc></nivelrsc>
   </titpublico>
   <titpublico>
      <isin>BRSTNCLF1R66</isin>
      <codativo>210100</codativo>
      <cusip></cusip>
      <dtemissao>20160108</dtemissao>
      <dtoperacao>20171018</dtoperacao>
      <dtvencimento>20220301</dtvencimento>
      <qtdisponivel>3.000000000</qtdisponivel>
      <qtgarantia>0.000000000</qtgarantia>
      <depgar>0</depgar>
      <pucompra>9155.50333333</pucompra>
      <puvencimento>0.00000000</puvencimento>
      <puposicao>9239.97000000</puposicao>
      <puemissao>1000.00000000</puemissao>
      <principal>27466.51</principal>
      <tributos>0.00</tributos>
      <valorfindisp>27719.91</valorfindisp>
      <valorfinemgar>0.00</valorfinemgar>
      <coupom>0.00</coupom>
      <indexador>DI1</indexador>
      <percindex>100.00</percindex>
      <caracteristica>N</caracteristica>
      <percprovcred>0.00</percprovcred>
      <classeoperacao>C</classeoperacao>
      <idinternoativo>LFT01032022</idinternoativo>
      <nivelrsc></nivelrsc>
   </titpublico>
   <titpublico>
      <isin>BRSTNCLF1R66</isin>
      <codativo>210100</codativo>
      <cusip></cusip>
      <dtemissao>20160108</dtemissao>
      <dtoperacao>20171027</dtoperacao>
      <dtvencimento>20220301</dtvencimento>
      <qtdisponivel>15.000000000</qtdisponivel>
      <qtgarantia>0.000000000</qtgarantia>
      <depgar>0</depgar>
      <pucompra>9175.20466667</pucompra>
      <puvencimento>0.00000000</puvencimento>
      <puposicao>9239.97133333</puposicao>
      <puemissao>1000.00000000</puemissao>
      <principal>137628.07</principal>
      <tributos>0.00</tributos>
      <valorfindisp>138599.57</valorfindisp>
      <valorfinemgar>0.00</valorfinemgar>
      <coupom>0.00</coupom>
      <indexador>DI1</indexador>
      <percindex>100.00</percindex>
      <caracteristica>N</caracteristica>
      <percprovcred>0.00</percprovcred>
      <classeoperacao>C</classeoperacao>
      <idinternoativo>LFT01032022</idinternoativo>
      <nivelrsc></nivelrsc>
   </titpublico>
   <titpublico>
      <isin>BRSTNCLF1R82</isin>
      <codativo>210100</codativo>
      <cusip></cusip>
      <dtemissao>20170113</dtemissao>
      <dtoperacao>20170921</dtoperacao>
      <dtvencimento>20230301</dtvencimento>
      <qtdisponivel>2.000000000</qtdisponivel>
      <qtgarantia>0.000000000</qtgarantia>
      <depgar>0</depgar>
      <pucompra>9102.50500000</pucompra>
      <puvencimento>0.00000000</puvencimento>
      <puposicao>9240.07500000</puposicao>
      <puemissao>1000.00000000</puemissao>
      <principal>18205.01</principal>
      <tributos>0.00</tributos>
      <valorfindisp>18480.15</valorfindisp>
      <valorfinemgar>0.00</valorfinemgar>
      <coupom>0.00</coupom>
      <indexador>DI1</indexador>
      <percindex>100.00</percindex>
      <caracteristica>N</caracteristica>
      <percprovcred>0.00</percprovcred>
      <classeoperacao>C</classeoperacao>
      <idinternoativo>LFT01032023</idinternoativo>
      <nivelrsc></nivelrsc>
   </titpublico>
   <titpublico>
      <isin>BRSTNCLF1R25</isin>
      <codativo>210100</codativo>
      <cusip></cusip>
      <dtemissao>20140718</dtemissao>
      <dtoperacao>20170313</dtoperacao>
      <dtvencimento>20200901</dtvencimento>
      <qtdisponivel>7.000000000</qtdisponivel>
      <qtgarantia>0.000000000</qtgarantia>
      <depgar>0</depgar>
      <pucompra>8633.65000000</pucompra>
      <puvencimento>0.00000000</puvencimento>
      <puposicao>9240.73857143</puposicao>
      <puemissao>1000.00000000</puemissao>
      <principal>60435.55</principal>
      <tributos>0.00</tributos>
      <valorfindisp>64685.17</valorfindisp>
      <valorfinemgar>0.00</valorfinemgar>
      <coupom>0.00</coupom>
      <indexador>DI1</indexador>
      <percindex>100.00</percindex>
      <caracteristica>N</caracteristica>
      <percprovcred>0.00</percprovcred>
      <classeoperacao>C</classeoperacao>
      <idinternoativo>LFT01092020</idinternoativo>
      <nivelrsc></nivelrsc>
   </titpublico>
   <titpublico>
      <isin>BRSTNCLF1R25</isin>
      <codativo>210100</codativo>
      <cusip></cusip>
      <dtemissao>20140718</dtemissao>
      <dtoperacao>20170509</dtoperacao>
      <dtvencimento>20200901</dtvencimento>
      <qtdisponivel>4.000000000</qtdisponivel>
      <qtgarantia>0.000000000</qtgarantia>
      <depgar>0</depgar>
      <pucompra>8781.41238095</pucompra>
      <puvencimento>0.00000000</puvencimento>
      <puposicao>9240.73750000</puposicao>
      <puemissao>1000.00000000</puemissao>
      <principal>35125.65</principal>
      <tributos>0.00</tributos>
      <valorfindisp>36962.95</valorfindisp>
      <valorfinemgar>0.00</valorfinemgar>
      <coupom>0.00</coupom>
      <indexador>DI1</indexador>
      <percindex>100.00</percindex>
      <caracteristica>N</caracteristica>
      <percprovcred>0.00</percprovcred>
      <classeoperacao>C</classeoperacao>
      <idinternoativo>LFT01092020</idinternoativo>
      <nivelrsc></nivelrsc>
   </titpublico>
   <titpublico>
      <isin>BRSTNCLF1R25</isin>
      <codativo>210100</codativo>
      <cusip></cusip>
      <dtemissao>20140718</dtemissao>
      <dtoperacao>20170509</dtoperacao>
      <dtvencimento>20200901</dtvencimento>
      <qtdisponivel>1.000000000</qtdisponivel>
      <qtgarantia>0.000000000</qtgarantia>
      <depgar>0</depgar>
      <pucompra>8781.41000000</pucompra>
      <puvencimento>0.00000000</puvencimento>
      <puposicao>9240.74000000</puposicao>
      <puemissao>1000.00000000</puemissao>
      <principal>8781.41</principal>
      <tributos>0.00</tributos>
      <valorfindisp>9240.74</valorfindisp>
      <valorfinemgar>0.00</valorfinemgar>
      <coupom>0.00</coupom>
      <indexador>DI1</indexador>
      <percindex>100.00</percindex>
      <caracteristica>N</caracteristica>
      <percprovcred>0.00</percprovcred>
      <classeoperacao>C</classeoperacao>
      <idinternoativo>LFT01092020</idinternoativo>
      <nivelrsc></nivelrsc>
   </titpublico>
   <titpublico>
      <isin>BRSTNCLF1R25</isin>
      <codativo>210100</codativo>
      <cusip></cusip>
      <dtemissao>20140718</dtemissao>
      <dtoperacao>20170519</dtoperacao>
      <dtvencimento>20200901</dtvencimento>
      <qtdisponivel>2.000000000</qtdisponivel>
      <qtgarantia>0.000000000</qtgarantia>
      <depgar>0</depgar>
      <pucompra>8810.02500000</pucompra>
      <puvencimento>0.00000000</puvencimento>
      <puposicao>9240.74000000</puposicao>
      <puemissao>1000.00000000</puemissao>
      <principal>17620.05</principal>
      <tributos>0.00</tributos>
      <valorfindisp>18481.48</valorfindisp>
      <valorfinemgar>0.00</valorfinemgar>
      <coupom>0.00</coupom>
      <indexador>DI1</indexador>
      <percindex>100.00</percindex>
      <caracteristica>N</caracteristica>
      <percprovcred>0.00</percprovcred>
      <classeoperacao>C</classeoperacao>
      <idinternoativo>LFT01092020</idinternoativo>
      <nivelrsc></nivelrsc>
   </titpublico>
   <titpublico>
      <isin>BRSTNCLF1R25</isin>
      <codativo>210100</codativo>
      <cusip></cusip>
      <dtemissao>20140718</dtemissao>
      <dtoperacao>20170808</dtoperacao>
      <dtvencimento>20200901</dtvencimento>
      <qtdisponivel>1.000000000</qtdisponivel>
      <qtgarantia>0.000000000</qtgarantia>
      <depgar>0</depgar>
      <pucompra>9008.60000000</pucompra>
      <puvencimento>0.00000000</puvencimento>
      <puposicao>9240.74000000</puposicao>
      <puemissao>1000.00000000</puemissao>
      <principal>9008.60</principal>
      <tributos>0.00</tributos>
      <valorfindisp>9240.74</valorfindisp>
      <valorfinemgar>0.00</valorfinemgar>
      <coupom>0.00</coupom>
      <indexador>DI1</indexador>
      <percindex>100.00</percindex>
      <caracteristica>N</caracteristica>
      <percprovcred>0.00</percprovcred>
      <classeoperacao>C</classeoperacao>
      <idinternoativo>LFT01092020</idinternoativo>
      <nivelrsc></nivelrsc>
   </titpublico>
   <titpublico>
      <isin>BRSTNCLF1R58</isin>
      <codativo>210100</codativo>
      <cusip></cusip>
      <dtemissao>20150508</dtemissao>
      <dtoperacao>20170328</dtoperacao>
      <dtvencimento>20210901</dtvencimento>
      <qtdisponivel>5.000000000</qtdisponivel>
      <qtgarantia>0.000000000</qtgarantia>
      <depgar>0</depgar>
      <pucompra>8666.96571429</pucompra>
      <puvencimento>0.00000000</puvencimento>
      <puposicao>9240.24800000</puposicao>
      <puemissao>1000.00000000</puemissao>
      <principal>43334.83</principal>
      <tributos>0.00</tributos>
      <valorfindisp>46201.24</valorfindisp>
      <valorfinemgar>0.00</valorfinemgar>
      <coupom>0.00</coupom>
      <indexador>DI1</indexador>
      <percindex>100.00</percindex>
      <caracteristica>N</caracteristica>
      <percprovcred>0.00</percprovcred>
      <classeoperacao>C</classeoperacao>
      <idinternoativo>LFT01092021</idinternoativo>
      <nivelrsc></nivelrsc>
   </titpublico>
   <titpublico>
      <isin>BRSTNCLF1R58</isin>
      <codativo>210100</codativo>
      <cusip></cusip>
      <dtemissao>20150508</dtemissao>
      <dtoperacao>20170329</dtoperacao>
      <dtvencimento>20210901</dtvencimento>
      <qtdisponivel>10.000000000</qtdisponivel>
      <qtgarantia>0.000000000</qtgarantia>
      <depgar>0</depgar>
      <pucompra>8670.96000000</pucompra>
      <puvencimento>0.00000000</puvencimento>
      <puposicao>9240.24900000</puposicao>
      <puemissao>1000.00000000</puemissao>
      <principal>86709.60</principal>
      <tributos>0.00</tributos>
      <valorfindisp>92402.49</valorfindisp>
      <valorfinemgar>0.00</valorfinemgar>
      <coupom>0.00</coupom>
      <indexador>DI1</indexador>
      <percindex>100.00</percindex>
      <caracteristica>N</caracteristica>
      <percprovcred>0.00</percprovcred>
      <classeoperacao>C</classeoperacao>
      <idinternoativo>LFT01092021</idinternoativo>
      <nivelrsc></nivelrsc>
   </titpublico>
   <titpublico>
      <isin>BRSTNCLF1R58</isin>
      <codativo>210100</codativo>
      <cusip></cusip>
      <dtemissao>20150508</dtemissao>
      <dtoperacao>20170329</dtoperacao>
      <dtvencimento>20210901</dtvencimento>
      <qtdisponivel>10.000000000</qtdisponivel>
      <qtgarantia>0.000000000</qtgarantia>
      <depgar>0</depgar>
      <pucompra>8670.96000000</pucompra>
      <puvencimento>0.00000000</puvencimento>
      <puposicao>9240.24900000</puposicao>
      <puemissao>1000.00000000</puemissao>
      <principal>86709.60</principal>
      <tributos>0.00</tributos>
      <valorfindisp>92402.49</valorfindisp>
      <valorfinemgar>0.00</valorfinemgar>
      <coupom>0.00</coupom>
      <indexador>DI1</indexador>
      <percindex>100.00</percindex>
      <caracteristica>N</caracteristica>
      <percprovcred>0.00</percprovcred>
      <classeoperacao>C</classeoperacao>
      <idinternoativo>LFT01092021</idinternoativo>
      <nivelrsc></nivelrsc>
   </titpublico>
   <titpublico>
      <isin>BRSTNCLF1R58</isin>
      <codativo>210100</codativo>
      <cusip></cusip>
      <dtemissao>20150508</dtemissao>
      <dtoperacao>20170330</dtoperacao>
      <dtvencimento>20210901</dtvencimento>
      <qtdisponivel>2.000000000</qtdisponivel>
      <qtgarantia>0.000000000</qtgarantia>
      <depgar>0</depgar>
      <pucompra>8675.08500000</pucompra>
      <puvencimento>0.00000000</puvencimento>
      <puposicao>9240.25000000</puposicao>
      <puemissao>1000.00000000</puemissao>
      <principal>17350.17</principal>
      <tributos>0.00</tributos>
      <valorfindisp>18480.50</valorfindisp>
      <valorfinemgar>0.00</valorfinemgar>
      <coupom>0.00</coupom>
      <indexador>DI1</indexador>
      <percindex>100.00</percindex>
      <caracteristica>N</caracteristica>
      <percprovcred>0.00</percprovcred>
      <classeoperacao>C</classeoperacao>
      <idinternoativo>LFT01092021</idinternoativo>
      <nivelrsc></nivelrsc>
   </titpublico>
   <titpublico>
      <isin>BRSTNCLF1R58</isin>
      <codativo>210100</codativo>
      <cusip></cusip>
      <dtemissao>20150508</dtemissao>
      <dtoperacao>20170508</dtoperacao>
      <dtvencimento>20210901</dtvencimento>
      <qtdisponivel>4.000000000</qtdisponivel>
      <qtgarantia>0.000000000</qtgarantia>
      <depgar>0</depgar>
      <pucompra>8765.77250000</pucompra>
      <puvencimento>0.00000000</puvencimento>
      <puposicao>9240.24750000</puposicao>
      <puemissao>1000.00000000</puemissao>
      <principal>35063.09</principal>
      <tributos>0.00</tributos>
      <valorfindisp>36960.99</valorfindisp>
      <valorfinemgar>0.00</valorfinemgar>
      <coupom>0.00</coupom>
      <indexador>DI1</indexador>
      <percindex>100.00</percindex>
      <caracteristica>N</caracteristica>
      <percprovcred>0.00</percprovcred>
      <classeoperacao>C</classeoperacao>
      <idinternoativo>LFT01092021</idinternoativo>
      <nivelrsc></nivelrsc>
   </titpublico>
   <titpublico>
      <isin>BRSTNCLF1R74</isin>
      <codativo>210100</codativo>
      <cusip></cusip>
      <dtemissao>20160708</dtemissao>
      <dtoperacao>20170302</dtoperacao>
      <dtvencimento>20220901</dtvencimento>
      <qtdisponivel>6.000000000</qtdisponivel>
      <qtgarantia>0.000000000</qtgarantia>
      <depgar>0</depgar>
      <pucompra>8588.97250000</pucompra>
      <puvencimento>0.00000000</puvencimento>
      <puposicao>9239.84166667</puposicao>
      <puemissao>1000.00000000</puemissao>
      <principal>51533.84</principal>
      <tributos>0.00</tributos>
      <valorfindisp>55439.05</valorfindisp>
      <valorfinemgar>0.00</valorfinemgar>
      <coupom>0.00</coupom>
      <indexador>DI1</indexador>
      <percindex>100.00</percindex>
      <caracteristica>N</caracteristica>
      <percprovcred>0.00</percprovcred>
      <classeoperacao>C</classeoperacao>
      <idinternoativo>LFT01092022</idinternoativo>
      <nivelrsc></nivelrsc>
   </titpublico>
   <titpublico>
      <isin>BRSTNCLF1R74</isin>
      <codativo>210100</codativo>
      <cusip></cusip>
      <dtemissao>20160708</dtemissao>
      <dtoperacao>20170307</dtoperacao>
      <dtvencimento>20220901</dtvencimento>
      <qtdisponivel>3.000000000</qtdisponivel>
      <qtgarantia>0.000000000</qtgarantia>
      <depgar>0</depgar>
      <pucompra>8599.41000000</pucompra>
      <puvencimento>0.00000000</puvencimento>
      <puposicao>9239.84333333</puposicao>
      <puemissao>1000.00000000</puemissao>
      <principal>25798.23</principal>
      <tributos>0.00</tributos>
      <valorfindisp>27719.53</valorfindisp>
      <valorfinemgar>0.00</valorfinemgar>
      <coupom>0.00</coupom>
      <indexador>DI1</indexador>
      <percindex>100.00</percindex>
      <caracteristica>N</caracteristica>
      <percprovcred>0.00</percprovcred>
      <classeoperacao>C</classeoperacao>
      <idinternoativo>LFT01092022</idinternoativo>
      <nivelrsc></nivelrsc>
   </titpublico>
   <titpublico>
      <isin>BRSTNCLF1R74</isin>
      <codativo>210100</codativo>
      <cusip></cusip>
      <dtemissao>20160708</dtemissao>
      <dtoperacao>20170419</dtoperacao>
      <dtvencimento>20220901</dtvencimento>
      <qtdisponivel>1.000000000</qtdisponivel>
      <qtgarantia>0.000000000</qtgarantia>
      <depgar>0</depgar>
      <pucompra>8716.67500000</pucompra>
      <puvencimento>0.00000000</puvencimento>
      <puposicao>9239.84000000</puposicao>
      <puemissao>1000.00000000</puemissao>
      <principal>8716.68</principal>
      <tributos>0.00</tributos>
      <valorfindisp>9239.84</valorfindisp>
      <valorfinemgar>0.00</valorfinemgar>
      <coupom>0.00</coupom>
      <indexador>DI1</indexador>
      <percindex>100.00</percindex>
      <caracteristica>N</caracteristica>
      <percprovcred>0.00</percprovcred>
      <classeoperacao>C</classeoperacao>
      <idinternoativo>LFT01092022</idinternoativo>
      <nivelrsc></nivelrsc>
   </titpublico>
   <titpublico>
      <isin>BRSTNCLF1R74</isin>
      <codativo>210100</codativo>
      <cusip></cusip>
      <dtemissao>20160708</dtemissao>
      <dtoperacao>20170914</dtoperacao>
      <dtvencimento>20220901</dtvencimento>
      <qtdisponivel>1.000000000</qtdisponivel>
      <qtgarantia>0.000000000</qtgarantia>
      <depgar>0</depgar>
      <pucompra>9084.84000000</pucompra>
      <puvencimento>0.00000000</puvencimento>
      <puposicao>9239.84000000</puposicao>
      <puemissao>1000.00000000</puemissao>
      <principal>9084.84</principal>
      <tributos>0.00</tributos>
      <valorfindisp>9239.84</valorfindisp>
      <valorfinemgar>0.00</valorfinemgar>
      <coupom>0.00</coupom>
      <indexador>DI1</indexador>
      <percindex>100.00</percindex>
      <caracteristica>N</caracteristica>
      <percprovcred>0.00</percprovcred>
      <classeoperacao>C</classeoperacao>
      <idinternoativo>LFT01092022</idinternoativo>
      <nivelrsc></nivelrsc>
   </titpublico>
   <debenture>
      <isin>BRCSDCDBS021</isin>
      <coddeb>CSDC13</coddeb>
      <debconv>N</debconv>
      <debpartlucro>N</debpartlucro>
      <SPE>N</SPE>
      <cusip></cusip>
      <dtemissao>20150227</dtemissao>
      <dtoperacao>20170302</dtoperacao>
      <dtvencimento>20190227</dtvencimento>
      <cnpjemissor>46948287000187</cnpjemissor>
      <qtdisponivel>5.000000000</qtdisponivel>
      <qtgarantia>0.000000000</qtgarantia>
      <depgar>0</depgar>
      <pucompra>101227.99000000</pucompra>
      <puvencimento>999.99999990</puvencimento>
      <puposicao>50114.42338224</puposicao>
      <puemissao>100000.00000000</puemissao>
      <principal>506139.95</principal>
      <tributos>0.00</tributos>
      <valorfindisp>250572.12</valorfindisp>
      <valorfinemgar>0.00</valorfinemgar>
      <coupom>0.00</coupom>
      <indexador>DI1</indexador>
      <percindex>130.00</percindex>
      <caracteristica>N</caracteristica>
      <percprovcred>0.00</percprovcred>
      <classeoperacao>C</classeoperacao>
      <idinternoativo>CSDC13</idinternoativo>
      <nivelrsc></nivelrsc>
   </debenture>
   <debenture>
      <isin>BRCSDCDBS021</isin>
      <coddeb>CSDC13</coddeb>
      <debconv>N</debconv>
      <debpartlucro>N</debpartlucro>
      <SPE>N</SPE>
      <cusip></cusip>
      <dtemissao>20150227</dtemissao>
      <dtoperacao>20170302</dtoperacao>
      <dtvencimento>20190227</dtvencimento>
      <cnpjemissor>46948287000187</cnpjemissor>
      <qtdisponivel>5.000000000</qtdisponivel>
      <qtgarantia>0.000000000</qtgarantia>
      <depgar>0</depgar>
      <pucompra>97331.31000000</pucompra>
      <puvencimento>999.99999990</puvencimento>
      <puposicao>50114.42338224</puposicao>
      <puemissao>100000.00000000</puemissao>
      <principal>486656.55</principal>
      <tributos>0.00</tributos>
      <valorfindisp>250572.12</valorfindisp>
      <valorfinemgar>0.00</valorfinemgar>
      <coupom>0.00</coupom>
      <indexador>DI1</indexador>
      <percindex>130.00</percindex>
      <caracteristica>N</caracteristica>
      <percprovcred>0.00</percprovcred>
      <classeoperacao>C</classeoperacao>
      <idinternoativo>CSDC13</idinternoativo>
      <nivelrsc></nivelrsc>
   </debenture>
   <debenture>
      <isin>BRCSDCDBS021</isin>
      <coddeb>CSDC13</coddeb>
      <debconv>N</debconv>
      <debpartlucro>N</debpartlucro>
      <SPE>N</SPE>
      <cusip></cusip>
      <dtemissao>20150227</dtemissao>
      <dtoperacao>20170302</dtoperacao>
      <dtvencimento>20190227</dtvencimento>
      <cnpjemissor>46948287000187</cnpjemissor>
      <qtdisponivel>5.000000000</qtdisponivel>
      <qtgarantia>0.000000000</qtgarantia>
      <depgar>0</depgar>
      <pucompra>90502.59200000</pucompra>
      <puvencimento>999.99999990</puvencimento>
      <puposicao>50114.42338224</puposicao>
      <puemissao>100000.00000000</puemissao>
      <principal>452512.96</principal>
      <tributos>0.00</tributos>
      <valorfindisp>250572.12</valorfindisp>
      <valorfinemgar>0.00</valorfinemgar>
      <coupom>0.00</coupom>
      <indexador>DI1</indexador>
      <percindex>130.00</percindex>
      <caracteristica>N</caracteristica>
      <percprovcred>0.00</percprovcred>
      <classeoperacao>C</classeoperacao>
      <idinternoativo>CSDC13</idinternoativo>
      <nivelrsc></nivelrsc>
   </debenture>
   <debenture>
      <isin>BRCSDCDBS021</isin>
      <coddeb>CSDC13</coddeb>
      <debconv>N</debconv>
      <debpartlucro>N</debpartlucro>
      <SPE>N</SPE>
      <cusip></cusip>
      <dtemissao>20150227</dtemissao>
      <dtoperacao>20170302</dtoperacao>
      <dtvencimento>20190227</dtvencimento>
      <cnpjemissor>46948287000187</cnpjemissor>
      <qtdisponivel>3.000000000</qtdisponivel>
      <qtgarantia>0.000000000</qtgarantia>
      <depgar>0</depgar>
      <pucompra>86976.17666667</pucompra>
      <puvencimento>999.99999990</puvencimento>
      <puposicao>50114.42338224</puposicao>
      <puemissao>100000.00000000</puemissao>
      <principal>260928.53</principal>
      <tributos>0.00</tributos>
      <valorfindisp>150343.27</valorfindisp>
      <valorfinemgar>0.00</valorfinemgar>
      <coupom>0.00</coupom>
      <indexador>DI1</indexador>
      <percindex>130.00</percindex>
      <caracteristica>N</caracteristica>
      <percprovcred>0.00</percprovcred>
      <classeoperacao>C</classeoperacao>
      <idinternoativo>CSDC13</idinternoativo>
      <nivelrsc></nivelrsc>
   </debenture>
   <debenture>
      <isin>BRCSDCDBS021</isin>
      <coddeb>CSDC13</coddeb>
      <debconv>N</debconv>
      <debpartlucro>N</debpartlucro>
      <SPE>N</SPE>
      <cusip></cusip>
      <dtemissao>20150227</dtemissao>
      <dtoperacao>20170302</dtoperacao>
      <dtvencimento>20190227</dtvencimento>
      <cnpjemissor>46948287000187</cnpjemissor>
      <qtdisponivel>9.000000000</qtdisponivel>
      <qtgarantia>0.000000000</qtgarantia>
      <depgar>0</depgar>
      <pucompra>84264.17333333</pucompra>
      <puvencimento>999.99999990</puvencimento>
      <puposicao>50114.42338224</puposicao>
      <puemissao>100000.00000000</puemissao>
      <principal>758377.56</principal>
      <tributos>0.00</tributos>
      <valorfindisp>451029.81</valorfindisp>
      <valorfinemgar>0.00</valorfinemgar>
      <coupom>0.00</coupom>
      <indexador>DI1</indexador>
      <percindex>130.00</percindex>
      <caracteristica>N</caracteristica>
      <percprovcred>0.00</percprovcred>
      <classeoperacao>C</classeoperacao>
      <idinternoativo>CSDC13</idinternoativo>
      <nivelrsc></nivelrsc>
   </debenture>
   <debenture>
      <isin>BRCSDCDBS021</isin>
      <coddeb>CSDC13</coddeb>
      <debconv>N</debconv>
      <debpartlucro>N</debpartlucro>
      <SPE>N</SPE>
      <cusip></cusip>
      <dtemissao>20150227</dtemissao>
      <dtoperacao>20170302</dtoperacao>
      <dtvencimento>20190227</dtvencimento>
      <cnpjemissor>46948287000187</cnpjemissor>
      <qtdisponivel>2.000000000</qtdisponivel>
      <qtgarantia>0.000000000</qtgarantia>
      <depgar>0</depgar>
      <pucompra>83507.51500000</pucompra>
      <puvencimento>999.99999990</puvencimento>
      <puposicao>50114.42338224</puposicao>
      <puemissao>100000.00000000</puemissao>
      <principal>167015.03</principal>
      <tributos>0.00</tributos>
      <valorfindisp>100228.85</valorfindisp>
      <valorfinemgar>0.00</valorfinemgar>
      <coupom>0.00</coupom>
      <indexador>DI1</indexador>
      <percindex>130.00</percindex>
      <caracteristica>N</caracteristica>
      <percprovcred>0.00</percprovcred>
      <classeoperacao>C</classeoperacao>
      <idinternoativo>CSDC13</idinternoativo>
      <nivelrsc></nivelrsc>
   </debenture>
   <debenture>
      <isin>BRCSDCDBS021</isin>
      <coddeb>CSDC13</coddeb>
      <debconv>N</debconv>
      <debpartlucro>N</debpartlucro>
      <SPE>N</SPE>
      <cusip></cusip>
      <dtemissao>20150227</dtemissao>
      <dtoperacao>20170302</dtoperacao>
      <dtvencimento>20190227</dtvencimento>
      <cnpjemissor>46948287000187</cnpjemissor>
      <qtdisponivel>1.000000000</qtdisponivel>
      <qtgarantia>0.000000000</qtgarantia>
      <depgar>0</depgar>
      <pucompra>83507.51000000</pucompra>
      <puvencimento>999.99999990</puvencimento>
      <puposicao>50114.42338224</puposicao>
      <puemissao>100000.00000000</puemissao>
      <principal>83507.51</principal>
      <tributos>0.00</tributos>
      <valorfindisp>50114.42</valorfindisp>
      <valorfinemgar>0.00</valorfinemgar>
      <coupom>0.00</coupom>
      <indexador>DI1</indexador>
      <percindex>130.00</percindex>
      <caracteristica>N</caracteristica>
      <percprovcred>0.00</percprovcred>
      <classeoperacao>C</classeoperacao>
      <idinternoativo>CSDC13</idinternoativo>
      <nivelrsc></nivelrsc>
   </debenture>
   <debenture>
      <isin>BRCSDCDBS021</isin>
      <coddeb>CSDC13</coddeb>
      <debconv>N</debconv>
      <debpartlucro>N</debpartlucro>
      <SPE>N</SPE>
      <cusip></cusip>
      <dtemissao>20150227</dtemissao>
      <dtoperacao>20170302</dtoperacao>
      <dtvencimento>20190227</dtvencimento>
      <cnpjemissor>46948287000187</cnpjemissor>
      <qtdisponivel>2.000000000</qtdisponivel>
      <qtgarantia>0.000000000</qtgarantia>
      <depgar>0</depgar>
      <pucompra>84149.35500000</pucompra>
      <puvencimento>999.99999990</puvencimento>
      <puposicao>50114.42338224</puposicao>
      <puemissao>100000.00000000</puemissao>
      <principal>168298.71</principal>
      <tributos>0.00</tributos>
      <valorfindisp>100228.85</valorfindisp>
      <valorfinemgar>0.00</valorfinemgar>
      <coupom>0.00</coupom>
      <indexador>DI1</indexador>
      <percindex>130.00</percindex>
      <caracteristica>N</caracteristica>
      <percprovcred>0.00</percprovcred>
      <classeoperacao>C</classeoperacao>
      <idinternoativo>CSDC13</idinternoativo>
      <nivelrsc></nivelrsc>
   </debenture>
   <debenture>
      <isin>BRMTECDBS042</isin>
      <coddeb>MTEL15</coddeb>
      <debconv>N</debconv>
      <debpartlucro>N</debpartlucro>
      <SPE>N</SPE>
      <cusip></cusip>
      <dtemissao>20141216</dtemissao>
      <dtoperacao>20170302</dtoperacao>
      <dtvencimento>20201216</dtvencimento>
      <cnpjemissor>71738132000163</cnpjemissor>
      <qtdisponivel>149.000000000</qtdisponivel>
      <qtgarantia>0.000000000</qtgarantia>
      <depgar>0</depgar>
      <pucompra>10493.58486667</pucompra>
      <puvencimento>999.99999990</puvencimento>
      <puposicao>10451.12721100</puposicao>
      <puemissao>10000.00000000</puemissao>
      <principal>1563544.15</principal>
      <tributos>0.00</tributos>
      <valorfindisp>1557217.95</valorfindisp>
      <valorfinemgar>0.00</valorfinemgar>
      <coupom>0.00</coupom>
      <indexador>DI1</indexador>
      <percindex>130.00</percindex>
      <caracteristica>N</caracteristica>
      <percprovcred>0.00</percprovcred>
      <classeoperacao>C</classeoperacao>
      <idinternoativo>MTEL15</idinternoativo>
      <nivelrsc></nivelrsc>
   </debenture>
   <debenture>
      <isin>BRMTECDBS042</isin>
      <coddeb>MTEL15</coddeb>
      <debconv>N</debconv>
      <debpartlucro>N</debpartlucro>
      <SPE>N</SPE>
      <cusip></cusip>
      <dtemissao>20141216</dtemissao>
      <dtoperacao>20170302</dtoperacao>
      <dtvencimento>20201216</dtvencimento>
      <cnpjemissor>71738132000163</cnpjemissor>
      <qtdisponivel>85.000000000</qtdisponivel>
      <qtgarantia>0.000000000</qtgarantia>
      <depgar>0</depgar>
      <pucompra>10493.58482353</pucompra>
      <puvencimento>999.99999990</puvencimento>
      <puposicao>10451.12721100</puposicao>
      <puemissao>10000.00000000</puemissao>
      <principal>891954.71</principal>
      <tributos>0.00</tributos>
      <valorfindisp>888345.81</valorfindisp>
      <valorfinemgar>0.00</valorfinemgar>
      <coupom>0.00</coupom>
      <indexador>DI1</indexador>
      <percindex>130.00</percindex>
      <caracteristica>N</caracteristica>
      <percprovcred>0.00</percprovcred>
      <classeoperacao>C</classeoperacao>
      <idinternoativo>MTEL15</idinternoativo>
      <nivelrsc></nivelrsc>
   </debenture>
   <caixa>
      <isininstituicao>BRBBDC</isininstituicao>
      <tpconta>D</tpconta>
      <saldo>21555.47</saldo>
      <nivelrsc>BB</nivelrsc>
   </caixa>
   <cotas>
      <isin>BR**********</isin>
      <cnpjfundo>27077299000139</cnpjfundo>
      <qtdisponivel>202988.848401600</qtdisponivel>
      <qtgarantia>0.000000000</qtgarantia>
      <puposicao>0.98673826</puposicao>
      <tributos>0.00</tributos>
      <nivelrsc></nivelrsc>
   </cotas>
   <cotas>
      <isin>BRPCRTCTF006</isin>
      <cnpjfundo>14171644000157</cnpjfundo>
      <qtdisponivel>127072.172266700</qtdisponivel>
      <qtgarantia>0.000000000</qtgarantia>
      <puposicao>1.97234680</puposicao>
      <tributos>0.00</tributos>
      <nivelrsc></nivelrsc>
   </cotas>
   <cotas>
      <isin>BR**********</isin>
      <cnpjfundo>17251743000137</cnpjfundo>
      <qtdisponivel>170842.882975900</qtdisponivel>
      <qtgarantia>0.000000000</qtgarantia>
      <puposicao>1.76561720</puposicao>
      <tributos>0.00</tributos>
      <nivelrsc></nivelrsc>
   </cotas>
   <cotas>
      <isin>BR**********</isin>
      <cnpjfundo>20989394000160</cnpjfundo>
      <qtdisponivel>1110500.094107000</qtdisponivel>
      <qtgarantia>0.000000000</qtgarantia>
      <puposicao>1.48825630</puposicao>
      <tributos>0.00</tributos>
      <nivelrsc></nivelrsc>
   </cotas>
   <cotas>
      <isin>BRFGRACTF008</isin>
      <cnpjfundo>19776123000147</cnpjfundo>
      <qtdisponivel>1045.264320000</qtdisponivel>
      <qtgarantia>0.000000000</qtgarantia>
      <puposicao>1173.05790398</puposicao>
      <tributos>0.00</tributos>
      <nivelrsc></nivelrsc>
   </cotas>
   <cotas>
      <isin>BR**********</isin>
      <cnpjfundo>23729512000199</cnpjfundo>
      <qtdisponivel>223246.080009000</qtdisponivel>
      <qtgarantia>0.000000000</qtgarantia>
      <puposicao>1.34365039</puposicao>
      <tributos>0.00</tributos>
      <nivelrsc></nivelrsc>
   </cotas>
   <cotas>
      <isin>BRSRM9CTF000</isin>
      <cnpjfundo>26360111000100</cnpjfundo>
      <qtdisponivel>231197.316431700</qtdisponivel>
      <qtgarantia>0.000000000</qtgarantia>
      <puposicao>1.08717866</puposicao>
      <tributos>0.00</tributos>
      <nivelrsc></nivelrsc>
   </cotas>
   <provisao>
      <codprov>34</codprov>
      <!--Taxa de Administracao Prevista-->
      <credeb>D</credeb>
      <dt>00000000</dt>
      <valor>6785.79</valor>
   </provisao>
   <provisao>
      <codprov>999</codprov>
      <!--Outros-->
      <credeb>C</credeb>
      <dt>20171215</dt>
      <valor>27.30</valor>
   </provisao>
   <provisao>
      <codprov>999</codprov>
      <!--Outros-->
      <credeb>C</credeb>
      <dt>20171206</dt>
      <valor>112.69</valor>
   </provisao>
   <provisao>
      <codprov>999</codprov>
      <!--Outros-->
      <credeb>C</credeb>
      <dt>20180109</dt>
      <valor>730.74</valor>
   </provisao>
</fundo>
</arquivoposicao_4_01>
