<?xml version= "1.0" encoding="UTF-8"?>
<arquivoposicao_4_01>
<fundo>
   <header>
      <isin>BR**********</isin>
      <cnpj>14298834000130</cnpj>
      <nome>GRAU HEDGE FUNDO DE INVESTIMENTO MULTIMERCADO</nome>
      <dtposicao>20171031</dtposicao>
      <nomeadm>PLANNER CORRETORA DE VALORES SA</nomeadm>
      <cnpjadm>00806535000154</cnpjadm>
      <nomegestor>GRAU GESTAO DE ATIVOS LTDA</nomegestor>
      <cnpjgestor>07252227000173</cnpjgestor>
      <nomecustodiante>PLANNER CV SA</nomecustodiante>
      <cnpjcustodiante>00806535000154</cnpjcustodiante>
      <valorcota>1.26002160</valorcota>
      <quantidade>643245.391466000</quantidade>
      <patliq>810503.11</patliq>
      <valorativos>815848.91</valorativos>
      <valorreceber>1117.14</valorreceber>
      <valorpagar>6462.94</valorpagar>
      <vlcotasemitir>0.00</vlcotasemitir>
      <vlcotasresgatar>0.00</vlcotasresgatar>
      <codanbid>301698</codanbid>
      <tipofundo>331</tipofundo>
      <nivelrsc></nivelrsc>
   </header>
   <titpublico>
      <isin>BRSTNCLF1R17</isin>
      <codativo>210100</codativo>
      <cusip></cusip>
      <dtemissao>20000701</dtemissao>
      <dtoperacao>20170306</dtoperacao>
      <dtvencimento>20190301</dtvencimento>
      <qtdisponivel>1.000000000</qtdisponivel>
      <qtgarantia>0.000000000</qtgarantia>
      <depgar>0</depgar>
      <pucompra>8620.90000000</pucompra>
      <puvencimento>0.00000000</puvencimento>
      <puposicao>9181.23000000</puposicao>
      <puemissao>1000.00000000</puemissao>
      <principal>8620.90</principal>
      <tributos>0.00</tributos>
      <valorfindisp>9181.23</valorfindisp>
      <valorfinemgar>0.00</valorfinemgar>
      <coupom>0.00</coupom>
      <indexador>DI1</indexador>
      <percindex>100.00</percindex>
      <caracteristica>N</caracteristica>
      <percprovcred>0.00</percprovcred>
      <classeoperacao>C</classeoperacao>
      <idinternoativo>LFT01032019</idinternoativo>
      <nivelrsc></nivelrsc>
   </titpublico>
   <titpublico>
      <isin>BRSTNCLF1R17</isin>
      <codativo>210100</codativo>
      <cusip></cusip>
      <dtemissao>20000701</dtemissao>
      <dtoperacao>20170911</dtoperacao>
      <dtvencimento>20190301</dtvencimento>
      <qtdisponivel>8.000000000</qtdisponivel>
      <qtgarantia>0.000000000</qtgarantia>
      <depgar>0</depgar>
      <pucompra>9082.56250000</pucompra>
      <puvencimento>0.00000000</puvencimento>
      <puposicao>9181.23000000</puposicao>
      <puemissao>1000.00000000</puemissao>
      <principal>72660.50</principal>
      <tributos>0.00</tributos>
      <valorfindisp>73449.84</valorfindisp>
      <valorfinemgar>0.00</valorfinemgar>
      <coupom>0.00</coupom>
      <indexador>DI1</indexador>
      <percindex>100.00</percindex>
      <caracteristica>N</caracteristica>
      <percprovcred>0.00</percprovcred>
      <classeoperacao>C</classeoperacao>
      <idinternoativo>LFT01032019</idinternoativo>
      <nivelrsc></nivelrsc>
   </titpublico>
   <titpublico>
      <isin>BRSTNCLF1R41</isin>
      <codativo>210100</codativo>
      <cusip></cusip>
      <dtemissao>20000701</dtemissao>
      <dtoperacao>20170306</dtoperacao>
      <dtvencimento>20210301</dtvencimento>
      <qtdisponivel>1.000000000</qtdisponivel>
      <qtgarantia>0.000000000</qtgarantia>
      <depgar>0</depgar>
      <pucompra>8606.81000000</pucompra>
      <puvencimento>0.00000000</puvencimento>
      <puposicao>9180.22000000</puposicao>
      <puemissao>1000.00000000</puemissao>
      <principal>8606.81</principal>
      <tributos>0.00</tributos>
      <valorfindisp>9180.22</valorfindisp>
      <valorfinemgar>0.00</valorfinemgar>
      <coupom>0.00</coupom>
      <indexador>DI1</indexador>
      <percindex>100.00</percindex>
      <caracteristica>N</caracteristica>
      <percprovcred>0.00</percprovcred>
      <classeoperacao>C</classeoperacao>
      <idinternoativo>LFT01032021</idinternoativo>
      <nivelrsc></nivelrsc>
   </titpublico>
   <titpublico>
      <isin>BRSTNCLF1R66</isin>
      <codativo>210100</codativo>
      <cusip></cusip>
      <dtemissao>20000701</dtemissao>
      <dtoperacao>20171003</dtoperacao>
      <dtvencimento>20220301</dtvencimento>
      <qtdisponivel>3.000000000</qtdisponivel>
      <qtgarantia>0.000000000</qtgarantia>
      <depgar>0</depgar>
      <pucompra>9126.73750000</pucompra>
      <puvencimento>0.00000000</puvencimento>
      <puposicao>9179.85333333</puposicao>
      <puemissao>1000.00000000</puemissao>
      <principal>27380.21</principal>
      <tributos>0.00</tributos>
      <valorfindisp>27539.56</valorfindisp>
      <valorfinemgar>0.00</valorfinemgar>
      <coupom>0.00</coupom>
      <indexador>DI1</indexador>
      <percindex>100.00</percindex>
      <caracteristica>N</caracteristica>
      <percprovcred>0.00</percprovcred>
      <classeoperacao>C</classeoperacao>
      <idinternoativo>LFT01032022</idinternoativo>
      <nivelrsc></nivelrsc>
   </titpublico>
   <titpublico>
      <isin>BRSTNCLF1R66</isin>
      <codativo>210100</codativo>
      <cusip></cusip>
      <dtemissao>20000701</dtemissao>
      <dtoperacao>20171018</dtoperacao>
      <dtvencimento>20220301</dtvencimento>
      <qtdisponivel>5.000000000</qtdisponivel>
      <qtgarantia>0.000000000</qtgarantia>
      <depgar>0</depgar>
      <pucompra>9155.50400000</pucompra>
      <puvencimento>0.00000000</puvencimento>
      <puposicao>9179.85200000</puposicao>
      <puemissao>1000.00000000</puemissao>
      <principal>45777.52</principal>
      <tributos>0.00</tributos>
      <valorfindisp>45899.26</valorfindisp>
      <valorfinemgar>0.00</valorfinemgar>
      <coupom>0.00</coupom>
      <indexador>DI1</indexador>
      <percindex>100.00</percindex>
      <caracteristica>N</caracteristica>
      <percprovcred>0.00</percprovcred>
      <classeoperacao>C</classeoperacao>
      <idinternoativo>LFT01032022</idinternoativo>
      <nivelrsc></nivelrsc>
   </titpublico>
   <titpublico>
      <isin>BRSTNCLF1R66</isin>
      <codativo>210100</codativo>
      <cusip></cusip>
      <dtemissao>20000701</dtemissao>
      <dtoperacao>20171027</dtoperacao>
      <dtvencimento>20220301</dtvencimento>
      <qtdisponivel>9.000000000</qtdisponivel>
      <qtgarantia>0.000000000</qtgarantia>
      <depgar>0</depgar>
      <pucompra>9175.20555556</pucompra>
      <puvencimento>0.00000000</puvencimento>
      <puposicao>9179.85222222</puposicao>
      <puemissao>1000.00000000</puemissao>
      <principal>82576.85</principal>
      <tributos>0.00</tributos>
      <valorfindisp>82618.67</valorfindisp>
      <valorfinemgar>0.00</valorfinemgar>
      <coupom>0.00</coupom>
      <indexador>DI1</indexador>
      <percindex>100.00</percindex>
      <caracteristica>N</caracteristica>
      <percprovcred>0.00</percprovcred>
      <classeoperacao>C</classeoperacao>
      <idinternoativo>LFT01032022</idinternoativo>
      <nivelrsc></nivelrsc>
   </titpublico>
   <titpublico>
      <isin>BRSTNCLF1R82</isin>
      <codativo>210100</codativo>
      <cusip></cusip>
      <dtemissao>20000701</dtemissao>
      <dtoperacao>20170921</dtoperacao>
      <dtvencimento>20230301</dtvencimento>
      <qtdisponivel>31.000000000</qtdisponivel>
      <qtgarantia>0.000000000</qtgarantia>
      <depgar>0</depgar>
      <pucompra>9102.50709677</pucompra>
      <puvencimento>0.00000000</puvencimento>
      <puposicao>9179.74225807</puposicao>
      <puemissao>1000.00000000</puemissao>
      <principal>282177.72</principal>
      <tributos>0.00</tributos>
      <valorfindisp>284572.01</valorfindisp>
      <valorfinemgar>0.00</valorfinemgar>
      <coupom>0.00</coupom>
      <indexador>DI1</indexador>
      <percindex>100.00</percindex>
      <caracteristica>N</caracteristica>
      <percprovcred>0.00</percprovcred>
      <classeoperacao>C</classeoperacao>
      <idinternoativo>LFT01032023</idinternoativo>
      <nivelrsc></nivelrsc>
   </titpublico>
   <titpublico>
      <isin>BRSTNCLF1R09</isin>
      <codativo>210100</codativo>
      <cusip></cusip>
      <dtemissao>20000701</dtemissao>
      <dtoperacao>20170306</dtoperacao>
      <dtvencimento>20180901</dtvencimento>
      <qtdisponivel>4.000000000</qtdisponivel>
      <qtgarantia>0.000000000</qtgarantia>
      <depgar>0</depgar>
      <pucompra>8622.17000000</pucompra>
      <puvencimento>0.00000000</puvencimento>
      <puposicao>9181.40500000</puposicao>
      <puemissao>1000.00000000</puemissao>
      <principal>34488.68</principal>
      <tributos>0.00</tributos>
      <valorfindisp>36725.62</valorfindisp>
      <valorfinemgar>0.00</valorfinemgar>
      <coupom>0.00</coupom>
      <indexador>DI1</indexador>
      <percindex>100.00</percindex>
      <caracteristica>N</caracteristica>
      <percprovcred>0.00</percprovcred>
      <classeoperacao>C</classeoperacao>
      <idinternoativo>LFT01092018</idinternoativo>
      <nivelrsc></nivelrsc>
   </titpublico>
   <titpublico>
      <isin>BRSTNCLF1R58</isin>
      <codativo>210100</codativo>
      <cusip></cusip>
      <dtemissao>20000701</dtemissao>
      <dtoperacao>20170818</dtoperacao>
      <dtvencimento>20210901</dtvencimento>
      <qtdisponivel>7.000000000</qtdisponivel>
      <qtgarantia>0.000000000</qtgarantia>
      <depgar>0</depgar>
      <pucompra>9032.85428571</pucompra>
      <puvencimento>0.00000000</puvencimento>
      <puposicao>9180.03571429</puposicao>
      <puemissao>1000.00000000</puemissao>
      <principal>63229.98</principal>
      <tributos>0.00</tributos>
      <valorfindisp>64260.25</valorfindisp>
      <valorfinemgar>0.00</valorfinemgar>
      <coupom>0.00</coupom>
      <indexador>DI1</indexador>
      <percindex>100.00</percindex>
      <caracteristica>N</caracteristica>
      <percprovcred>0.00</percprovcred>
      <classeoperacao>C</classeoperacao>
      <idinternoativo>LFT01092021</idinternoativo>
      <nivelrsc></nivelrsc>
   </titpublico>
   <titpublico>
      <isin>BRSNTNCLF1R7</isin>
      <codativo>210100</codativo>
      <cusip></cusip>
      <dtemissao>20000701</dtemissao>
      <dtoperacao>20170613</dtoperacao>
      <dtvencimento>20220901</dtvencimento>
      <qtdisponivel>1.000000000</qtdisponivel>
      <qtgarantia>0.000000000</qtgarantia>
      <depgar>0</depgar>
      <pucompra>8863.68000000</pucompra>
      <puvencimento>0.00000000</puvencimento>
      <puposicao>9179.71000000</puposicao>
      <puemissao>1000.00000000</puemissao>
      <principal>8863.68</principal>
      <tributos>0.00</tributos>
      <valorfindisp>9179.71</valorfindisp>
      <valorfinemgar>0.00</valorfinemgar>
      <coupom>0.00</coupom>
      <indexador>DI1</indexador>
      <percindex>100.00</percindex>
      <caracteristica>N</caracteristica>
      <percprovcred>0.00</percprovcred>
      <classeoperacao>C</classeoperacao>
      <idinternoativo>LFT01092022</idinternoativo>
      <nivelrsc></nivelrsc>
   </titpublico>
   <acoes>
      <isin>BRBBASACNOR3</isin>
      <cusip></cusip>
      <codativo>BBAS3</codativo>
      <qtdisponivel>0.000000000</qtdisponivel>
      <lote>1</lote>
      <qtgarantia>0.000000000</qtgarantia>
      <valorfindisp>0.00</valorfindisp>
      <valorfinemgar>0.00</valorfinemgar>
      <tributos>0.00</tributos>
      <puposicao>0.00000000</puposicao>
      <percprovcred>0.00</percprovcred>
      <tpconta>1</tpconta>
      <classeoperacao>C</classeoperacao>
      <dtvencalug></dtvencalug>
      <txalug>0.00</txalug>
      <cnpjinter></cnpjinter>
   </acoes>
   <acoes>
      <isin>BRBBASACNOR3</isin>
      <cusip></cusip>
      <codativo>BBAS3</codativo>
      <qtdisponivel>1300.000000000</qtdisponivel>
      <lote>1</lote>
      <qtgarantia>0.000000000</qtgarantia>
      <valorfindisp>44772.00</valorfindisp>
      <valorfinemgar>0.00</valorfinemgar>
      <tributos>0.00</tributos>
      <puposicao>34.44000000</puposicao>
      <percprovcred>0.00</percprovcred>
      <tpconta>1</tpconta>
      <classeoperacao>T</classeoperacao>
      <dtvencalug>20171204</dtvencalug>
      <txalug>0.45</txalug>
      <cnpjinter>00806535000154</cnpjinter>
   </acoes>
   <acoes>
      <isin>BRBBASACNOR3</isin>
      <cusip></cusip>
      <codativo>BBAS3</codativo>
      <qtdisponivel>1400.000000000</qtdisponivel>
      <lote>1</lote>
      <qtgarantia>0.000000000</qtgarantia>
      <valorfindisp>48216.00</valorfindisp>
      <valorfinemgar>0.00</valorfinemgar>
      <tributos>0.00</tributos>
      <puposicao>34.44000000</puposicao>
      <percprovcred>0.00</percprovcred>
      <tpconta>1</tpconta>
      <classeoperacao>T</classeoperacao>
      <dtvencalug>20171124</dtvencalug>
      <txalug>0.39</txalug>
      <cnpjinter>00806535000154</cnpjinter>
   </acoes>
   <acoes>
      <isin>BRBBASACNOR3</isin>
      <cusip></cusip>
      <codativo>BBAS3</codativo>
      <qtdisponivel>3200.000000000</qtdisponivel>
      <lote>1</lote>
      <qtgarantia>0.000000000</qtgarantia>
      <valorfindisp>110208.00</valorfindisp>
      <valorfinemgar>0.00</valorfinemgar>
      <tributos>0.00</tributos>
      <puposicao>34.44000000</puposicao>
      <percprovcred>0.00</percprovcred>
      <tpconta>1</tpconta>
      <classeoperacao>T</classeoperacao>
      <dtvencalug>20171117</dtvencalug>
      <txalug>0.40</txalug>
      <cnpjinter>00806535000154</cnpjinter>
   </acoes>
   <acoes>
      <isin>BRBBDCACNPR8</isin>
      <cusip></cusip>
      <codativo>BBDC4</codativo>
      <qtdisponivel>0.000000000</qtdisponivel>
      <lote>1</lote>
      <qtgarantia>0.000000000</qtgarantia>
      <valorfindisp>0.00</valorfindisp>
      <valorfinemgar>0.00</valorfinemgar>
      <tributos>0.00</tributos>
      <puposicao>34.68000000</puposicao>
      <percprovcred>0.00</percprovcred>
      <tpconta>1</tpconta>
      <classeoperacao>T</classeoperacao>
      <dtvencalug>20171101</dtvencalug>
      <txalug>0.48</txalug>
      <cnpjinter>00806535000154</cnpjinter>
   </acoes>
   <acoes>
      <isin>BRBBDCACNPR8</isin>
      <cusip></cusip>
      <codativo>BBDC4</codativo>
      <qtdisponivel>0.000000000</qtdisponivel>
      <lote>1</lote>
      <qtgarantia>0.000000000</qtgarantia>
      <valorfindisp>0.00</valorfindisp>
      <valorfinemgar>0.00</valorfinemgar>
      <tributos>0.00</tributos>
      <puposicao>34.68000000</puposicao>
      <percprovcred>0.00</percprovcred>
      <tpconta>1</tpconta>
      <classeoperacao>T</classeoperacao>
      <dtvencalug>20171017</dtvencalug>
      <txalug>0.44</txalug>
      <cnpjinter>00806535000154</cnpjinter>
   </acoes>
   <acoes>
      <isin>BRBBDCACNPR8</isin>
      <cusip></cusip>
      <codativo>BBDC4</codativo>
      <qtdisponivel>0.000000000</qtdisponivel>
      <lote>1</lote>
      <qtgarantia>0.000000000</qtgarantia>
      <valorfindisp>0.00</valorfindisp>
      <valorfinemgar>0.00</valorfinemgar>
      <tributos>0.00</tributos>
      <puposicao>34.68000000</puposicao>
      <percprovcred>0.00</percprovcred>
      <tpconta>1</tpconta>
      <classeoperacao>T</classeoperacao>
      <dtvencalug>20171017</dtvencalug>
      <txalug>0.44</txalug>
      <cnpjinter>00806535000154</cnpjinter>
   </acoes>
   <acoes>
      <isin>BRBBDCACNPR8</isin>
      <cusip></cusip>
      <codativo>BBDC4</codativo>
      <qtdisponivel>1500.000000000</qtdisponivel>
      <lote>1</lote>
      <qtgarantia>0.000000000</qtgarantia>
      <valorfindisp>52020.00</valorfindisp>
      <valorfinemgar>0.00</valorfinemgar>
      <tributos>0.00</tributos>
      <puposicao>34.68000000</puposicao>
      <percprovcred>0.00</percprovcred>
      <tpconta>1</tpconta>
      <classeoperacao>T</classeoperacao>
      <dtvencalug>20171208</dtvencalug>
      <txalug>0.50</txalug>
      <cnpjinter>00806535000154</cnpjinter>
   </acoes>
   <acoes>
      <isin>BRBBDCACNPR8</isin>
      <cusip></cusip>
      <codativo>BBDC4</codativo>
      <qtdisponivel>0.000000000</qtdisponivel>
      <lote>1</lote>
      <qtgarantia>0.000000000</qtgarantia>
      <valorfindisp>0.00</valorfindisp>
      <valorfinemgar>0.00</valorfinemgar>
      <tributos>0.00</tributos>
      <puposicao>34.68000000</puposicao>
      <percprovcred>0.00</percprovcred>
      <tpconta>1</tpconta>
      <classeoperacao>T</classeoperacao>
      <dtvencalug>20171025</dtvencalug>
      <txalug>0.50</txalug>
      <cnpjinter>00806535000154</cnpjinter>
   </acoes>
   <acoes>
      <isin>BRBBDCACNPR8</isin>
      <cusip></cusip>
      <codativo>BBDC4</codativo>
      <qtdisponivel>1500.000000000</qtdisponivel>
      <lote>1</lote>
      <qtgarantia>0.000000000</qtgarantia>
      <valorfindisp>52020.00</valorfindisp>
      <valorfinemgar>0.00</valorfinemgar>
      <tributos>0.00</tributos>
      <puposicao>34.68000000</puposicao>
      <percprovcred>0.00</percprovcred>
      <tpconta>1</tpconta>
      <classeoperacao>T</classeoperacao>
      <dtvencalug>20171208</dtvencalug>
      <txalug>0.50</txalug>
      <cnpjinter>00806535000154</cnpjinter>
   </acoes>
   <acoes>
      <isin>BRBBDCACNPR8</isin>
      <cusip></cusip>
      <codativo>BBDC4</codativo>
      <qtdisponivel>0.000000000</qtdisponivel>
      <lote>1</lote>
      <qtgarantia>1400.000000000</qtgarantia>
      <valorfindisp>0.00</valorfindisp>
      <valorfinemgar>48552.00</valorfinemgar>
      <tributos>0.00</tributos>
      <puposicao>34.68000000</puposicao>
      <percprovcred>0.00</percprovcred>
      <tpconta>1</tpconta>
      <classeoperacao>V</classeoperacao>
      <dtvencalug></dtvencalug>
      <txalug>0.00</txalug>
      <cnpjinter></cnpjinter>
   </acoes>
   <acoes>
      <isin>BRCSNAACNOR6</isin>
      <cusip></cusip>
      <codativo>CSNA3</codativo>
      <qtdisponivel>0.000000000</qtdisponivel>
      <lote>1</lote>
      <qtgarantia>0.000000000</qtgarantia>
      <valorfindisp>0.00</valorfindisp>
      <valorfinemgar>0.00</valorfinemgar>
      <tributos>0.00</tributos>
      <puposicao>0.00000000</puposicao>
      <percprovcred>0.00</percprovcred>
      <tpconta>1</tpconta>
      <classeoperacao>C</classeoperacao>
      <dtvencalug></dtvencalug>
      <txalug>0.00</txalug>
      <cnpjinter></cnpjinter>
   </acoes>
   <acoes>
      <isin>BRCSNAACNOR6</isin>
      <cusip></cusip>
      <codativo>CSNA3</codativo>
      <qtdisponivel>1500.000000000</qtdisponivel>
      <lote>1</lote>
      <qtgarantia>0.000000000</qtgarantia>
      <valorfindisp>12645.00</valorfindisp>
      <valorfinemgar>0.00</valorfinemgar>
      <tributos>0.00</tributos>
      <puposicao>8.43000000</puposicao>
      <percprovcred>0.00</percprovcred>
      <tpconta>1</tpconta>
      <classeoperacao>T</classeoperacao>
      <dtvencalug>20171130</dtvencalug>
      <txalug>1.38</txalug>
      <cnpjinter>00806535000154</cnpjinter>
   </acoes>
   <acoes>
      <isin>BRCSNAACNOR6</isin>
      <cusip></cusip>
      <codativo>CSNA3</codativo>
      <qtdisponivel>2500.000000000</qtdisponivel>
      <lote>1</lote>
      <qtgarantia>0.000000000</qtgarantia>
      <valorfindisp>21075.00</valorfindisp>
      <valorfinemgar>0.00</valorfinemgar>
      <tributos>0.00</tributos>
      <puposicao>8.43000000</puposicao>
      <percprovcred>0.00</percprovcred>
      <tpconta>1</tpconta>
      <classeoperacao>T</classeoperacao>
      <dtvencalug>20171204</dtvencalug>
      <txalug>1.15</txalug>
      <cnpjinter>00806535000154</cnpjinter>
   </acoes>
   <acoes>
      <isin>BRHYPEACNOR0</isin>
      <cusip></cusip>
      <codativo>HYPE3</codativo>
      <qtdisponivel>300.000000000</qtdisponivel>
      <lote>1</lote>
      <qtgarantia>0.000000000</qtgarantia>
      <valorfindisp>10260.00</valorfindisp>
      <valorfinemgar>0.00</valorfinemgar>
      <tributos>0.00</tributos>
      <puposicao>34.20000000</puposicao>
      <percprovcred>0.00</percprovcred>
      <tpconta>1</tpconta>
      <classeoperacao>T</classeoperacao>
      <dtvencalug>20171130</dtvencalug>
      <txalug>0.45</txalug>
      <cnpjinter>00806535000154</cnpjinter>
   </acoes>
   <acoes>
      <isin>BRHYPEACNOR0</isin>
      <cusip></cusip>
      <codativo>HYPE3</codativo>
      <qtdisponivel>0.000000000</qtdisponivel>
      <lote>1</lote>
      <qtgarantia>300.000000000</qtgarantia>
      <valorfindisp>0.00</valorfindisp>
      <valorfinemgar>10260.00</valorfinemgar>
      <tributos>0.00</tributos>
      <puposicao>34.20000000</puposicao>
      <percprovcred>0.00</percprovcred>
      <tpconta>1</tpconta>
      <classeoperacao>V</classeoperacao>
      <dtvencalug></dtvencalug>
      <txalug>0.00</txalug>
      <cnpjinter></cnpjinter>
   </acoes>
   <acoes>
      <isin>BRITUBACNPR1</isin>
      <cusip></cusip>
      <codativo>ITUB4</codativo>
      <qtdisponivel>0.000000000</qtdisponivel>
      <lote>1</lote>
      <qtgarantia>0.000000000</qtgarantia>
      <valorfindisp>0.00</valorfindisp>
      <valorfinemgar>0.00</valorfinemgar>
      <tributos>0.00</tributos>
      <puposicao>42.05000000</puposicao>
      <percprovcred>0.00</percprovcred>
      <tpconta>1</tpconta>
      <classeoperacao>T</classeoperacao>
      <dtvencalug>20171108</dtvencalug>
      <txalug>0.50</txalug>
      <cnpjinter>00806535000154</cnpjinter>
   </acoes>
   <acoes>
      <isin>BRITUBACNPR1</isin>
      <cusip></cusip>
      <codativo>ITUB4</codativo>
      <qtdisponivel>1200.000000000</qtdisponivel>
      <lote>1</lote>
      <qtgarantia>0.000000000</qtgarantia>
      <valorfindisp>50460.00</valorfindisp>
      <valorfinemgar>0.00</valorfinemgar>
      <tributos>0.00</tributos>
      <puposicao>42.05000000</puposicao>
      <percprovcred>0.00</percprovcred>
      <tpconta>1</tpconta>
      <classeoperacao>C</classeoperacao>
      <dtvencalug></dtvencalug>
      <txalug>0.00</txalug>
      <cnpjinter></cnpjinter>
   </acoes>
   <acoes>
      <isin>BRPETRACNPR6</isin>
      <cusip></cusip>
      <codativo>PETR4</codativo>
      <qtdisponivel>0.000000000</qtdisponivel>
      <lote>1</lote>
      <qtgarantia>0.000000000</qtgarantia>
      <valorfindisp>0.00</valorfindisp>
      <valorfinemgar>0.00</valorfinemgar>
      <tributos>0.00</tributos>
      <puposicao>0.00000000</puposicao>
      <percprovcred>0.00</percprovcred>
      <tpconta>1</tpconta>
      <classeoperacao>C</classeoperacao>
      <dtvencalug></dtvencalug>
      <txalug>0.00</txalug>
      <cnpjinter></cnpjinter>
   </acoes>
   <acoes>
      <isin>BRPETRACNPR6</isin>
      <cusip></cusip>
      <codativo>PETR4</codativo>
      <qtdisponivel>3000.000000000</qtdisponivel>
      <lote>1</lote>
      <qtgarantia>0.000000000</qtgarantia>
      <valorfindisp>50310.00</valorfindisp>
      <valorfinemgar>0.00</valorfinemgar>
      <tributos>0.00</tributos>
      <puposicao>16.77000000</puposicao>
      <percprovcred>0.00</percprovcred>
      <tpconta>1</tpconta>
      <classeoperacao>T</classeoperacao>
      <dtvencalug>20171205</dtvencalug>
      <txalug>0.38</txalug>
      <cnpjinter>00806535000154</cnpjinter>
   </acoes>
   <acoes>
      <isin>BRRADLACNOR0</isin>
      <cusip></cusip>
      <codativo>RADL3</codativo>
      <qtdisponivel>0.000000000</qtdisponivel>
      <lote>1</lote>
      <qtgarantia>0.000000000</qtgarantia>
      <valorfindisp>0.00</valorfindisp>
      <valorfinemgar>0.00</valorfinemgar>
      <tributos>0.00</tributos>
      <puposicao>0.00000000</puposicao>
      <percprovcred>0.00</percprovcred>
      <tpconta>1</tpconta>
      <classeoperacao>C</classeoperacao>
      <dtvencalug></dtvencalug>
      <txalug>0.00</txalug>
      <cnpjinter></cnpjinter>
   </acoes>
   <acoes>
      <isin>BRRADLACNOR0</isin>
      <cusip></cusip>
      <codativo>RADL3</codativo>
      <qtdisponivel>0.000000000</qtdisponivel>
      <lote>1</lote>
      <qtgarantia>0.000000000</qtgarantia>
      <valorfindisp>0.00</valorfindisp>
      <valorfinemgar>0.00</valorfinemgar>
      <tributos>0.00</tributos>
      <puposicao>78.21000000</puposicao>
      <percprovcred>0.00</percprovcred>
      <tpconta>1</tpconta>
      <classeoperacao>T</classeoperacao>
      <dtvencalug>20171026</dtvencalug>
      <txalug>1.00</txalug>
      <cnpjinter>00806535000154</cnpjinter>
   </acoes>
   <opcoesacoes>
      <isin>BRPETRACNPR6</isin>
      <cusip></cusip>
      <codativo>PETRK47</codativo>
      <ativobase>PETR4</ativobase>
      <qtdisponivel>11300.000000000</qtdisponivel>
      <valorfinanceiro>2260.00</valorfinanceiro>
      <precoexercicio>23.00000000</precoexercicio>
      <dtvencimento>20161121</dtvencimento>
      <classeoperacao>C</classeoperacao>
      <tributos>0.00</tributos>
      <puposicao>0.20000000</puposicao>
      <premio>0.00</premio>
      <percprovcred>0.00</percprovcred>
      <tpconta>1</tpconta>
      <hedge>N</hedge>
      <tphedge>0</tphedge>
   </opcoesacoes>
   <futuros>
      <isin>BR**********</isin>
      <ativo></ativo>
      <cnpjcorretora>00806535000154</cnpjcorretora>
      <serie></serie>
      <quantidade>0.000000000</quantidade>
      <vltotalpos>0.00</vltotalpos>
      <tributos>0.00</tributos>
      <dtvencimento>19010101</dtvencimento>
      <vlajuste>0.00</vlajuste>
      <classeoperacao>C</classeoperacao>
      <hedge>N</hedge>
      <tphedge>0</tphedge>
   </futuros>
   <futuros>
      <isin></isin>
      <ativo>IND</ativo>
      <cnpjcorretora>00806535000154</cnpjcorretora>
      <serie>Z17</serie>
      <quantidade>0.000000000</quantidade>
      <vltotalpos>0.00</vltotalpos>
      <tributos>0.00</tributos>
      <dtvencimento>19010101</dtvencimento>
      <vlajuste>-745.00</vlajuste>
      <classeoperacao>C</classeoperacao>
      <hedge>N</hedge>
      <tphedge>0</tphedge>
   </futuros>
   <caixa>
      <isininstituicao>BRBBDC</isininstituicao>
      <tpconta>D</tpconta>
      <saldo>7340.47</saldo>
      <nivelrsc>BB</nivelrsc>
   </caixa>
   <cotas>
      <isin>BR**********</isin>
      <cnpjfundo>22175345000119</cnpjfundo>
      <qtdisponivel>2.325162660</qtdisponivel>
      <qtgarantia>0.000000000</qtgarantia>
      <puposicao>36643.99803298</puposicao>
      <tributos>0.00</tributos>
      <nivelrsc></nivelrsc>
   </cotas>
   <cotas>
      <isin>BR**********</isin>
      <cnpjfundo>22175345000119</cnpjfundo>
      <qtdisponivel>0.601788910</qtdisponivel>
      <qtgarantia>0.000000000</qtgarantia>
      <puposicao>34979.85240983</puposicao>
      <tributos>0.00</tributos>
      <nivelrsc></nivelrsc>
   </cotas>
   <cotas>
      <isin>BROSAVCTF007</isin>
      <cnpjfundo>01653201000150</cnpjfundo>
      <qtdisponivel>4167.148325900</qtdisponivel>
      <qtgarantia>0.000000000</qtgarantia>
      <puposicao>15.95463350</puposicao>
      <tributos>0.00</tributos>
      <nivelrsc></nivelrsc>
   </cotas>
   <despesas>
      <txadm>1467.05</txadm>
      <tributos>0.00</tributos>
      <perctaxaadm>2.03000000</perctaxaadm>
      <txperf>N</txperf>
      <vltxperf>0.00</vltxperf>
      <perctxperf>0.00000000</perctxperf>
      <percindex>0.00000000</percindex>
      <outtax>0.00</outtax>
      <indexador></indexador>
   </despesas>
   <outrasdespesas>
      <coddesp>999</coddesp>
      <valor>90.94</valor>
   </outrasdespesas>
   <outrasdespesas>
      <coddesp>999</coddesp>
      <valor>6.98</valor>
   </outrasdespesas>
   <outrasdespesas>
      <coddesp>999</coddesp>
      <valor>225.00</valor>
   </outrasdespesas>
   <outrasdespesas>
      <coddesp>999</coddesp>
      <valor>89.70</valor>
   </outrasdespesas>
   <provisao>
      <codprov>21</codprov>
      <!--Conta Corrente-->
      <credeb>D</credeb>
      <dt>00000000</dt>
      <valor>4983.01</valor>
   </provisao>
   <provisao>
      <codprov>31</codprov>
      <!--Juros a Pagar s/BTC Tomador-->
      <credeb>D</credeb>
      <dt>00000000</dt>
      <valor>58.60</valor>
   </provisao>
   <provisao>
      <codprov>34</codprov>
      <!--Taxa de Administracao Prevista-->
      <credeb>D</credeb>
      <dt>00000000</dt>
      <valor>1419.44</valor>
   </provisao>
   <provisao>
      <codprov>42</codprov>
      <!--DIV. S/        100 BBDC4  Vr.Unit:-->
      <credeb>D</credeb>
      <dt>20171101</dt>
      <valor>1.89</valor>
   </provisao>
   <provisao>
      <codprov>999</codprov>
      <!--Outros-->
      <credeb>C</credeb>
      <dt>20180115</dt>
      <valor>53.40</valor>
   </provisao>
   <provisao>
      <codprov>999</codprov>
      <!--Outros-->
      <credeb>C</credeb>
      <dt>20171107</dt>
      <valor>427.80</valor>
   </provisao>
   <provisao>
      <codprov>999</codprov>
      <!--Outros-->
      <credeb>C</credeb>
      <dt>20180109</dt>
      <valor>635.94</valor>
   </provisao>
</fundo>
</arquivoposicao_4_01>
