<?xml version= "1.0" encoding="UTF-8"?>
<arquivoposicao_4_01>
<fundo>
   <header>
      <isin>BR**********</isin>
      <cnpj>14830943000156</cnpj>
      <nome>CAVIAR FIM CP IE</nome>
      <dtposicao>20171020</dtposicao>
      <nomeadm>PLANNER CORRETORA DE VALORES SA</nomeadm>
      <cnpjadm>00806535000154</cnpjadm>
      <nomegestor>GRAU GESTAO DE ATIVOS LTDA</nomegestor>
      <cnpjgestor>07252227000173</cnpjgestor>
      <nomecustodiante>PLANNER CV SA</nomecustodiante>
      <cnpjcustodiante>00806535000154</cnpjcustodiante>
      <valorcota>1357.31901630</valorcota>
      <quantidade>4458.933395200</quantidade>
      <patliq>6052195.09</patliq>
      <valorativos>6251893.07</valorativos>
      <valorreceber>2440.36</valorreceber>
      <valorpagar>2138.34</valorpagar>
      <vlcotasemitir>0.00</vlcotasemitir>
      <vlcotasresgatar>200000.00</vlcotasresgatar>
      <codanbid>363332</codanbid>
      <tipofundo></tipofundo>
      <nivelrsc></nivelrsc>
   </header>
   <debenture>
      <isin>BRCSDCDBS021</isin>
      <coddeb>CSDC13</coddeb>
      <debconv>N</debconv>
      <debpartlucro>N</debpartlucro>
      <SPE>N</SPE>
      <cusip></cusip>
      <dtemissao>20150227</dtemissao>
      <dtoperacao>20170123</dtoperacao>
      <dtvencimento>20190227</dtvencimento>
      <cnpjemissor>46948287000187</cnpjemissor>
      <qtdisponivel>3.000000000</qtdisponivel>
      <qtgarantia>0.000000000</qtgarantia>
      <depgar>0</depgar>
      <pucompra>83792.69000000</pucompra>
      <puvencimento>999.99999990</puvencimento>
      <puposicao>57038.48178620</puposicao>
      <puemissao>100000.00000000</puemissao>
      <principal>251378.07</principal>
      <tributos>0.00</tributos>
      <valorfindisp>171115.45</valorfindisp>
      <valorfinemgar>0.00</valorfinemgar>
      <coupom>0.00</coupom>
      <indexador>DI1</indexador>
      <percindex>130.00</percindex>
      <caracteristica>N</caracteristica>
      <percprovcred>0.00</percprovcred>
      <classeoperacao>C</classeoperacao>
      <idinternoativo>CSDC13</idinternoativo>
      <nivelrsc></nivelrsc>
   </debenture>
   <debenture>
      <isin>BRCSDCDBS021</isin>
      <coddeb>CSDC13</coddeb>
      <debconv>N</debconv>
      <debpartlucro>N</debpartlucro>
      <SPE>N</SPE>
      <cusip></cusip>
      <dtemissao>20150227</dtemissao>
      <dtoperacao>20170123</dtoperacao>
      <dtvencimento>20190227</dtvencimento>
      <cnpjemissor>46948287000187</cnpjemissor>
      <qtdisponivel>1.000000000</qtdisponivel>
      <qtgarantia>0.000000000</qtgarantia>
      <depgar>0</depgar>
      <pucompra>83920.19000000</pucompra>
      <puvencimento>999.99999990</puvencimento>
      <puposicao>57038.48178620</puposicao>
      <puemissao>100000.00000000</puemissao>
      <principal>83920.19</principal>
      <tributos>0.00</tributos>
      <valorfindisp>57038.48</valorfindisp>
      <valorfinemgar>0.00</valorfinemgar>
      <coupom>0.00</coupom>
      <indexador>DI1</indexador>
      <percindex>130.00</percindex>
      <caracteristica>N</caracteristica>
      <percprovcred>0.00</percprovcred>
      <classeoperacao>C</classeoperacao>
      <idinternoativo>CSDC13</idinternoativo>
      <nivelrsc></nivelrsc>
   </debenture>
   <debenture>
      <isin>BRMTECDBS042</isin>
      <coddeb>MTEL15</coddeb>
      <debconv>N</debconv>
      <debpartlucro>N</debpartlucro>
      <SPE>N</SPE>
      <cusip></cusip>
      <dtemissao>20141216</dtemissao>
      <dtoperacao>20170123</dtoperacao>
      <dtvencimento>20201216</dtvencimento>
      <cnpjemissor>71738132000163</cnpjemissor>
      <qtdisponivel>6.000000000</qtdisponivel>
      <qtgarantia>0.000000000</qtgarantia>
      <depgar>0</depgar>
      <pucompra>9781.89666667</pucompra>
      <puvencimento>999.99999990</puvencimento>
      <puposicao>10444.80432900</puposicao>
      <puemissao>10000.00000000</puemissao>
      <principal>58691.38</principal>
      <tributos>0.00</tributos>
      <valorfindisp>62668.83</valorfindisp>
      <valorfinemgar>0.00</valorfinemgar>
      <coupom>0.00</coupom>
      <indexador>DI1</indexador>
      <percindex>130.00</percindex>
      <caracteristica>N</caracteristica>
      <percprovcred>0.00</percprovcred>
      <classeoperacao>C</classeoperacao>
      <idinternoativo>MTEL15</idinternoativo>
      <nivelrsc></nivelrsc>
   </debenture>
   <debenture>
      <isin>BRMTECDBS042</isin>
      <coddeb>MTEL15</coddeb>
      <debconv>N</debconv>
      <debpartlucro>N</debpartlucro>
      <SPE>N</SPE>
      <cusip></cusip>
      <dtemissao>20141216</dtemissao>
      <dtoperacao>20170123</dtoperacao>
      <dtvencimento>20201216</dtvencimento>
      <cnpjemissor>71738132000163</cnpjemissor>
      <qtdisponivel>2.000000000</qtdisponivel>
      <qtgarantia>0.000000000</qtgarantia>
      <depgar>0</depgar>
      <pucompra>9868.97500000</pucompra>
      <puvencimento>999.99999990</puvencimento>
      <puposicao>10444.80432900</puposicao>
      <puemissao>10000.00000000</puemissao>
      <principal>19737.95</principal>
      <tributos>0.00</tributos>
      <valorfindisp>20889.61</valorfindisp>
      <valorfinemgar>0.00</valorfinemgar>
      <coupom>0.00</coupom>
      <indexador>DI1</indexador>
      <percindex>130.00</percindex>
      <caracteristica>N</caracteristica>
      <percprovcred>0.00</percprovcred>
      <classeoperacao>C</classeoperacao>
      <idinternoativo>MTEL15</idinternoativo>
      <nivelrsc></nivelrsc>
   </debenture>
   <debenture>
      <isin>BRMTECDBS042</isin>
      <coddeb>MTEL15</coddeb>
      <debconv>N</debconv>
      <debpartlucro>N</debpartlucro>
      <SPE>N</SPE>
      <cusip></cusip>
      <dtemissao>20141216</dtemissao>
      <dtoperacao>20170123</dtoperacao>
      <dtvencimento>20201216</dtvencimento>
      <cnpjemissor>71738132000163</cnpjemissor>
      <qtdisponivel>1.000000000</qtdisponivel>
      <qtgarantia>0.000000000</qtgarantia>
      <depgar>0</depgar>
      <pucompra>9855.59000000</pucompra>
      <puvencimento>999.99999990</puvencimento>
      <puposicao>10444.80432900</puposicao>
      <puemissao>10000.00000000</puemissao>
      <principal>9855.59</principal>
      <tributos>0.00</tributos>
      <valorfindisp>10444.80</valorfindisp>
      <valorfinemgar>0.00</valorfinemgar>
      <coupom>0.00</coupom>
      <indexador>DI1</indexador>
      <percindex>130.00</percindex>
      <caracteristica>N</caracteristica>
      <percprovcred>0.00</percprovcred>
      <classeoperacao>C</classeoperacao>
      <idinternoativo>MTEL15</idinternoativo>
      <nivelrsc></nivelrsc>
   </debenture>
   <debenture>
      <isin>BRMTECDBS042</isin>
      <coddeb>MTEL15</coddeb>
      <debconv>N</debconv>
      <debpartlucro>N</debpartlucro>
      <SPE>N</SPE>
      <cusip></cusip>
      <dtemissao>20141216</dtemissao>
      <dtoperacao>20170123</dtoperacao>
      <dtvencimento>20201216</dtvencimento>
      <cnpjemissor>71738132000163</cnpjemissor>
      <qtdisponivel>4.000000000</qtdisponivel>
      <qtgarantia>0.000000000</qtgarantia>
      <depgar>0</depgar>
      <pucompra>9788.58000000</pucompra>
      <puvencimento>999.99999990</puvencimento>
      <puposicao>10444.80432900</puposicao>
      <puemissao>10000.00000000</puemissao>
      <principal>39154.32</principal>
      <tributos>0.00</tributos>
      <valorfindisp>41779.22</valorfindisp>
      <valorfinemgar>0.00</valorfinemgar>
      <coupom>0.00</coupom>
      <indexador>DI1</indexador>
      <percindex>130.00</percindex>
      <caracteristica>N</caracteristica>
      <percprovcred>0.00</percprovcred>
      <classeoperacao>C</classeoperacao>
      <idinternoativo>MTEL15</idinternoativo>
      <nivelrsc></nivelrsc>
   </debenture>
   <caixa>
      <isininstituicao>BRBBDC</isininstituicao>
      <tpconta>D</tpconta>
      <saldo>224946.15</saldo>
      <nivelrsc>BB</nivelrsc>
   </caixa>
   <cotas>
      <isin>BR**********</isin>
      <cnpjfundo>20989394000160</cnpjfundo>
      <qtdisponivel>2696586.082833000</qtdisponivel>
      <qtgarantia>0.000000000</qtgarantia>
      <puposicao>1.47835280</puposicao>
      <tributos>0.00</tributos>
      <nivelrsc></nivelrsc>
   </cotas>
   <cotas>
      <isin>BRFGRACTF008</isin>
      <cnpjfundo>19776123000147</cnpjfundo>
      <qtdisponivel>1395.000000000</qtdisponivel>
      <qtgarantia>0.000000000</qtgarantia>
      <puposicao>1201.79565443</puposicao>
      <tributos>0.00</tributos>
      <nivelrsc></nivelrsc>
   </cotas>
   <despesas>
      <txadm>0.00</txadm>
      <tributos>0.00</tributos>
      <perctaxaadm>0.00000000</perctaxaadm>
      <txperf>N</txperf>
      <vltxperf>0.00</vltxperf>
      <perctxperf>0.00000000</perctxperf>
      <percindex>0.00000000</percindex>
      <outtax>0.00</outtax>
      <indexador></indexador>
   </despesas>
   <outrasdespesas>
      <coddesp>999</coddesp>
      <valor>45.00</valor>
   </outrasdespesas>
   <provisao>
      <codprov>15</codprov>
      <!--Taxa Custodia-->
      <credeb>D</credeb>
      <dt>20171031</dt>
      <valor>1000.02</valor>
   </provisao>
   <provisao>
      <codprov>100</codprov>
      <!--Resgates de Cotistas a Liquidar-->
      <credeb>D</credeb>
      <dt>00000000</dt>
      <valor>200000.00</valor>
   </provisao>
   <provisao>
      <codprov>999</codprov>
      <!--Outros-->
      <credeb>D</credeb>
      <dt>20171031</dt>
      <valor>1000.02</valor>
   </provisao>
   <provisao>
      <codprov>999</codprov>
      <!--Outros-->
      <credeb>C</credeb>
      <dt>20171215</dt>
      <valor>129.90</valor>
   </provisao>
   <provisao>
      <codprov>999</codprov>
      <!--Outros-->
      <credeb>C</credeb>
      <dt>20171106</dt>
      <valor>1126.94</valor>
   </provisao>
   <provisao>
      <codprov>999</codprov>
      <!--Outros-->
      <credeb>D</credeb>
      <dt>00000000</dt>
      <valor>138.30</valor>
   </provisao>
   <provisao>
      <codprov>999</codprov>
      <!--Outros-->
      <credeb>C</credeb>
      <dt>20171031</dt>
      <valor>87.36</valor>
   </provisao>
   <provisao>
      <codprov>999</codprov>
      <!--Outros-->
      <credeb>C</credeb>
      <dt>20180109</dt>
      <valor>1096.16</valor>
   </provisao>
</fundo>
</arquivoposicao_4_01>
